Carrier Code,Flight Number,Origin Airport,precip_rate,rh,snow_rate,solar_rad,temp,vis,weather.description,wind_dir,wind_gust_spd,wind_spd,precip_rate_des,rh_des,snow_rate_des,solar_rad_des,temp_des,vis_des,weather.description_des,wind_dir_des,wind_gust_spd_des,wind_spd_des,Status,Previous Flight Status,Scheduled Arrival Hour,Scheduled Arrival Minutes,Scheduled departure Hour,Scheduled departure Minutes,Date,Predicted Status
UA,1802.0,ORD,0.0,57,0.0,15,5.6,16,804,260,7.8,3.1,0.0,38,0.0,118,10.6,16,Overcast clouds,280,10.8,4.59,0,Early,16,45,13,55,2023-11-10,0
MQ,3392.0,ORD,0.0,46,0.0,0,6.8,16,Overcast clouds,230,7.4,4.87,0.0,62,0.0,0,1.1,16,Overcast clouds,90,2.4,1.12,1,Early,22,24,19,40,2023-02-12,0
9E,5350.0,JFK,0.0,39,0.0,807,24.8,16,c01d,225,6.53,6.53,0.0,33,0.0,603,23.9,16,Clear Sky,260,8.8,6.2,0,Early,11,15,9,55,2023-04-13,0
9E,4730.0,JFK,0.0,39,0.0,232,5.3,16,c04d,190,6.9,5.15,0.0,43,0.0,181,2.2,16,Overcast clouds,90,10.0,3.6,1,On-time,16,20,15,0,2022-03-30,0
MQ,3402.0,ORD,0.0,54,0.0,0,22.1,16,Few clouds,100,2.47,2.47,0.0,81,0.0,114,20.0,16,c04d,310,8.8,5.09,2,Late,21,32,18,36,2023-07-29,0
B6,2516.0,JFK,0.0,100,0.0,0,3.5,0,a05n,115,3.3,1.8,1.0,55,0.0,0,6.1,16,Light rain,180,8.2,4.09,1,On-time,23,15,21,59,2022-02-02,1
B6,116.0,JFK,0.0,58,0.0,424,18.3,16,c01d,150,4.6,4.59,0.0,39,0.0,493,20.9,16,Clear Sky,260,7.8,3.59,1,On-time,14,41,13,30,2022-11-03,1
MQ,3324.0,ORD,0.0,81,0.0,0,1.9,16,803,345,9.1,4.09,5.0,100,0.0,0,7.2,6,Moderate rain,85,6.2,4.09,2,Early,22,16,19,30,2023-12-27,1
9E,4730.0,JFK,0.0,85,0.0,239,19.1,16,c04d,115,5.6,4.84,0.0,48,0.0,654,27.8,16,c03d,145,5.7,3.85,2,Early,16,25,15,10,2022-05-13,0
9E,5175.0,JFK,0.0,89,0.0,143,20.0,16,804,360,7.9,5.09,0.0,50,0.0,249,21.8,16,Overcast clouds,300,6.6,4.22,0,Early,16,51,15,20,2023-09-18,0
UA,1046.0,ORD,0.0,87,0.0,0,19.2,16,804,20,7.2,4.59,0.0,50,0.0,0,21.7,16,Overcast clouds,70,4.4,1.5,0,Early,23,59,21,5,2022-08-14,0
9E,5350.0,JFK,0.0,53,0.0,792,15.2,16,Broken clouds,235,8.9,8.76,0.0,70,0.0,297,8.9,16,Overcast clouds,230,10.3,8.8,0,Early,11,15,9,55,2023-05-01,0
B6,656.0,MCO,0.0,24,0.0,0,11.7,16,Clear Sky,290,4.0,1.5,0.0,53,0.0,67,-6.7,16,Overcast clouds,265,3.6,2.32,1,On-time,19,0,16,17,2022-01-30,0
9E,5090.0,JFK,1.0,88,0.0,0,23.9,16,r01n,195,6.0,3.76,0.0,90,0.0,0,19.4,16,Overcast clouds,60,4.0,1.6,0,Early,23,37,22,0,2022-09-05,0
9E,4730.0,JFK,0.0,78,0.0,545,15.9,16,Broken clouds,190,5.0,3.93,2.625,83,0.0,138,14.4,16,Light rain,280,12.4,6.7,2,Early,16,25,15,10,2022-05-19,0
B6,656.0,MCO,0.0,73,0.0,0,20.6,16,Overcast clouds,180,2.4,1.5,0.0,63,0.0,72,-10.0,13,Overcast clouds,300,8.2,6.2,0,On-time,19,0,16,17,2022-01-20,0
9E,5090.0,JFK,0.0,61,0.0,0,5.0,16,c02n,330,5.7,5.7,0.0,83,0.0,0,1.9,16,Overcast clouds,275,3.4,1.3,2,On-time,23,45,22,30,2022-11-28,0
B6,2516.0,JFK,0.0,45,0.0,0,15.4,16,Broken clouds,130,6.5,2.76,0.0,52,0.0,0,10.0,16,Scattered clouds,320,4.0,2.1,0,Late,23,19,21,59,2023-05-14,1
MQ,3392.0,ORD,0.0,54,0.0,0,18.2,16,800,170,9.6,4.47,0.0,20,0.0,19,13.9,16,Scattered clouds,155,9.0,4.87,2,Early,19,27,16,40,2022-11-09,0
9E,4856.0,JFK,0.0,73,0.0,194,16.6,16,804,180,9.3,6.95,0.0,32,0.0,189,17.8,16,Overcast clouds,180,10.3,6.7,0,Early,12,18,10,54,2023-11-17,0
9E,4953.0,JFK,0.0,85,0.0,0,17.6,16,c04n,240,10.8,5.42,0.0,89,0.0,13,11.9,16,c04n,275,12.0,8.75,2,Late,21,56,20,30,2022-05-16,0
9E,5009.0,JFK,0.0,46,0.0,0,-3.6,16,Scattered clouds,330,7.6,7.32,0.0,69,0.0,0,-8.7,15,c04n,280,7.4,3.26,2,Early,23,57,22,30,2023-02-24,0
UA,1998.0,ORD,0.0,51,0.0,0,8.9,16,Broken clouds,180,3.6,2.1,0.0,37,0.0,15,8.9,16,c04n,205,6.9,5.09,0,Early,21,18,18,21,2022-10-20,0
B6,116.0,JFK,0.0,52,0.0,133,5.6,16,802,240,7.7,6.7,0.0,38,0.0,273,7.8,16,c02d,200,12.9,8.19,0,Early,15,21,14,0,2023-12-12,0
B6,656.0,MCO,0.0,53,0.0,375,31.7,16,Overcast clouds,200,11.3,7.7,0.0,60,0.0,185,11.5,16,Overcast clouds,75,10.6,6.07,0,Early,13,56,11,11,2022-04-06,1
9E,4856.0,JFK,0.0,45,0.0,178,4.0,16,804,315,6.6,2.85,0.0,51,0.0,119,2.2,16,c04d,230,8.4,4.09,0,Early,12,30,10,59,2023-12-14,0
B6,2516.0,JFK,0.0,100,0.0,0,16.7,5,741,65,11.9,4.76,0.0,80,0.0,0,15.0,16,Overcast clouds,70,5.6,1.5,1,Late,23,15,21,55,2023-09-24,1
B6,2516.0,JFK,0.0,56,0.0,0,18.3,16,801,315,4.1,3.43,0.0,69,0.0,0,13.3,16,Clear Sky,230,4.4,2.1,2,Late,23,15,21,55,2023-09-19,1
MQ,3324.0,ORD,0.0,46,0.0,0,25.4,16,804,170,6.4,4.34,0.0,64,0.0,0,23.9,16,Scattered clouds,330,2.4,1.5,1,On-time,21,54,18,55,2023-10-03,2
B6,116.0,JFK,0.0,66,0.0,88,11.4,16,804,180,4.3,2.85,0.0,52,0.0,162,10.0,16,Overcast clouds,110,8.8,4.09,1,Early,15,21,14,0,2023-11-06,0
MQ,3324.0,ORD,0.0,58,0.0,0,18.9,16,Overcast clouds,250,7.2,2.6,0.0,37,0.0,14,25.4,16,Broken clouds,150,7.5,4.22,1,On-time,21,42,18,45,2023-10-05,0
9E,5325.0,JFK,0.0,57,0.0,370,31.1,16,803,210,6.2,6.2,0.0,45,0.0,540,32.8,16,Broken clouds,270,5.4,4.19,0,On-time,16,51,15,20,2023-09-06,0
B6,656.0,MCO,0.0,62,0.0,0,18.4,16,Scattered clouds,65,3.8,3.35,0.0,46,0.0,49,6.4,16,c04d,175,6.0,1.95,1,Late,18,28,15,45,2022-12-28,1
B6,2516.0,JFK,0.0,83,0.0,0,15.6,16,804,240,4.4,2.6,0.0,83,0.0,0,16.1,16,Overcast clouds,135,8.4,4.0,0,Late,23,15,21,55,2023-10-26,1
9E,5114.0,JFK,0.0,96,0.0,0,12.2,0,a03n,240,5.8,5.7,0.0,93,0.0,25,8.6,8,Overcast clouds,295,6.2,3.6,0,Early,17,40,16,15,2022-12-07,0
MQ,3518.0,ORD,0.0,52,0.0,0,24.3,16,802,185,2.8,2.32,0.0,53,0.0,324,26.6,16,Scattered clouds,40,2.97,2.97,2,Early,20,0,17,11,2022-09-09,0
B6,2516.0,JFK,0.0,63,0.0,0,-0.4,16,Overcast clouds,210,6.8,4.5,0.0,67,0.0,0,-1.3,16,Broken clouds,120,11.5,3.47,0,Late,22,59,21,45,2022-01-04,1
B6,2516.0,JFK,0.0,22,0.0,0,14.4,16,c01n,40,9.2,5.7,0.0,35,0.0,0,17.0,16,c02n,130,5.6,2.35,1,On-time,23,7,21,45,2022-05-10,0
9E,4844.0,JFK,0.0,51,0.0,22,3.5,16,804,325,12.2,8.76,0.0,72,0.0,76,-0.6,11,c04d,300,8.4,3.1,0,Late,16,31,15,0,2023-12-06,0
9E,5350.0,JFK,0.0,95,0.0,168,13.1,8,c04d,315,5.1,3.43,0.0,83,0.0,166,8.3,16,Overcast clouds,170,4.4,1.5,1,On-time,11,15,9,55,2023-04-17,0
B6,398.0,JFK,0.0,54,0.0,25,11.7,16,Overcast clouds,50,4.9,2.6,0.0,44,0.0,87,12.2,16,c04d,335,2.4,1.55,0,Late,17,44,16,30,2022-10-28,0
9E,4988.0,JFK,0.0,96,0.0,0,14.8,16,804,30,10.8,6.82,0.0,78,0.0,0,16.1,16,Overcast clouds,90,4.8,2.1,2,Late,23,59,22,33,2023-09-29,1
B6,56.0,MCO,0.0,42,0.0,209,27.9,16,Overcast clouds,260,11.6,5.92,0.0,42,0.0,155,0.6,16,c04d,50,8.0,4.09,0,On-time,16,51,14,7,2023-02-27,1
UA,1503.0,ORD,0.0,72,0.0,0,19.4,16,804,160,2.8,2.32,0.0,54,0.0,0,20.6,16,c02n,270,5.2,4.09,0,Early,23,59,21,5,2022-07-25,0
9E,5114.0,JFK,0.0,64,0.0,105,17.8,16,Few clouds,175,5.83,5.83,0.0,40,0.0,367,21.7,16,c02d,260,5.6,2.6,0,Early,17,26,16,5,2022-10-11,0
B6,2516.0,JFK,0.0,74,0.0,0,13.1,16,802,230,6.4,5.86,0.0,50,0.0,0,13.3,16,Broken clouds,120,10.4,5.2,2,Late,23,15,21,55,2023-10-24,1
9E,5114.0,JFK,0.0,49,0.0,0,9.4,16,c04n,290,11.3,7.7,0.0,73,0.0,23,3.3,16,Overcast clouds,280,8.8,6.45,2,On-time,17,48,16,30,2022-11-13,0
9E,5090.0,JFK,0.0,86,0.0,0,12.8,14,c03n,280,7.6,4.22,0.0,95,0.0,0,6.7,4,Overcast clouds,265,8.0,4.84,0,Early,23,58,22,30,2022-12-07,1
B6,116.0,JFK,0.0,50,0.0,89,12.8,16,c04d,310,7.7,6.2,0.0,82,0.0,112,6.1,16,Overcast clouds,280,7.4,2.1,1,Late,14,46,13,35,2022-12-08,1
B6,656.0,MCO,0.0,51,0.0,145,25.6,16,Broken clouds,100,12.4,6.7,0.0,50,0.0,286,16.3,16,Overcast clouds,310,7.6,3.97,2,Late,19,2,16,15,2023-05-05,1
B6,656.0,MCO,0.0,62,0.0,0,24.4,16,Scattered clouds,260,2.8,2.6,0.0,58,0.0,78,11.4,16,Overcast clouds,285,7.9,4.72,0,Early,17,55,15,14,2022-11-12,1
MQ,3402.0,ORD,0.0,71,0.0,0,22.1,16,Broken clouds,130,2.47,2.47,6.0,87,0.0,33,23.7,13,r02d,190,9.8,2.35,1,Late,21,58,19,10,2023-08-07,1
B6,116.0,JFK,0.0,75,0.0,163,21.7,16,c04d,160,11.3,6.7,0.0,53,0.0,194,23.9,16,Overcast clouds,185,13.9,10.3,1,Early,14,41,13,30,2022-11-05,1
MQ,3324.0,ORD,0.0,64,0.0,0,26.9,16,Clear Sky,215,7.5,3.1,0.0,64,0.0,0,25.3,16,Broken clouds,300,2.2,1.05,0,Late,23,21,20,25,2023-09-03,1
9E,5224.0,JFK,0.0,89,0.0,0,11.6,16,c04n,160,4.4,0.65,0.0,61,0.0,67,7.5,16,Overcast clouds,75,3.0,2.6,0,Early,17,59,16,30,2023-02-16,0
B6,2516.0,JFK,0.0,47,0.0,0,-4.4,16,c04n,310,3.9,3.59,0.0,66,0.0,0,-11.1,16,Overcast clouds,130,4.8,1.5,2,Late,23,14,21,59,2022-01-30,1
MQ,3324.0,ORD,0.0,70,0.0,0,22.2,16,804,95,5.2,2.7,0.0,58,0.0,0,18.9,16,Overcast clouds,50,5.2,2.6,0,On-time,21,56,19,0,2023-09-22,1
B6,656.0,MCO,0.0,32,0.0,981,22.2,16,Scattered clouds,270,11.3,8.19,0.0,63,0.0,327,8.5,16,Overcast clouds,235,9.8,4.84,1,Early,13,56,11,11,2022-04-08,0
B6,116.0,JFK,0.0,70,0.0,251,19.4,16,804,50,8.9,3.6,0.0,39,0.0,306,20.9,16,Overcast clouds,55,7.6,4.34,0,Early,14,39,13,30,2023-09-28,0
B6,2516.0,JFK,0.0,76,0.0,0,19.3,16,Clear Sky,230,4.0,3.1,0.0,81,0.0,0,18.9,16,Clear Sky,120,4.0,1.5,1,On-time,23,59,22,59,2022-09-09,1
9E,4856.0,JFK,0.0,47,0.0,400,10.3,16,802,250,8.0,5.8,0.0,49,0.0,348,10.0,16,c02d,250,10.8,7.7,0,Early,12,30,10,59,2023-12-15,0
9E,4988.0,JFK,0.0,100,0.0,0,16.7,5,741,60,5.25,5.25,0.0,80,0.0,0,15.0,16,Overcast clouds,115,5.4,0.75,1,Early,23,59,22,33,2023-09-24,1
9E,5090.0,JFK,0.0,57,0.0,0,0.4,16,c02n,290,9.6,8.52,0.0,81,0.0,0,0.0,14,Overcast clouds,245,9.8,6.2,0,On-time,23,58,22,30,2022-12-18,1
B6,398.0,JFK,0.0,52,0.0,77,20.6,16,Broken clouds,190,3.1,3.1,0.0,42,0.0,182,22.5,16,c04d,270,5.2,3.1,0,Early,17,44,16,30,2022-10-06,0
B6,656.0,MCO,1.0,84,0.0,75,23.3,16,Light rain,40,8.4,2.6,0.0,83,0.0,176,12.2,16,c04d,330,9.5,5.7,1,Early,19,2,16,15,2023-05-24,1
B6,2516.0,JFK,0.0,62,0.0,0,13.8,16,Overcast clouds,230,2.6,2.6,0.0,65,0.0,0,8.9,16,c02n,130,6.0,2.1,2,On-time,23,59,22,59,2022-10-16,1
9E,5090.0,JFK,0.0,77,0.0,0,11.7,16,Clear Sky,235,5.2,3.72,0.0,31,0.0,0,13.6,16,c02n,180,10.8,4.59,0,Late,23,53,22,30,2022-10-21,0
B6,398.0,JFK,0.0,42,0.0,38,11.1,16,Broken clouds,250,8.4,6.2,0.0,58,0.0,72,8.9,16,c04d,190,11.6,5.15,0,Early,17,44,16,30,2022-10-19,0
B6,656.0,MCO,1.0,93,0.0,0,13.3,16,Light rain,10,7.7,5.7,0.0,32,0.0,131,-0.7,16,Broken clouds,250,15.2,11.55,1,Late,17,56,15,15,2022-11-20,1
B6,16.0,JFK,0.0,50,0.0,0,6.7,16,Overcast clouds,320,13.9,10.8,0.0,80,0.0,0,2.5,16,c04n,260,6.8,4.09,1,Late,22,47,21,35,2023-03-05,1
9E,5118.0,JFK,0.0,78,0.0,131,22.6,16,804,120,7.6,4.47,0.0,70,0.0,199,22.8,16,Overcast clouds,110,5.0,3.35,0,Late,16,3,14,29,2023-08-28,0
B6,2516.0,JFK,0.0,74,0.0,0,12.8,16,c01n,260,12.9,8.19,0.0,81,0.0,0,10.8,16,Overcast clouds,225,11.7,7.75,1,Late,23,40,22,29,2022-11-27,1
UA,1998.0,ORD,0.0,79,0.0,0,5.4,16,804,180,8.4,4.34,0.0,84,0.0,0,2.2,16,Overcast clouds,265,8.0,5.33,0,Early,21,7,18,13,2022-11-28,0
MQ,3911.0,ORD,0.0,62,0.0,0,23.2,16,804,90,4.0,3.59,0.0,54,0.0,236,24.9,16,Overcast clouds,335,6.2,4.72,2,On-time,20,0,17,13,2022-08-27,1
B6,116.0,JFK,0.0,46,0.0,271,22.8,16,804,360,4.59,4.59,0.0,41,0.0,729,20.3,16,Scattered clouds,315,5.4,2.29,2,Early,14,39,13,30,2023-09-21,1
B6,2516.0,JFK,0.0,60,0.0,0,14.8,16,Scattered clouds,325,10.4,7.32,0.0,82,0.0,0,10.6,16,Overcast clouds,350,10.4,3.1,1,Late,23,59,22,59,2022-09-22,1
B6,656.0,MCO,0.0,96,0.0,0,18.3,13,Overcast clouds,160,3.6,3.6,5.0,95,40.0,18,0.6,5,Heavy snow,80,11.2,5.7,1,Late,18,55,16,14,2022-12-22,1
B6,656.0,MCO,0.0,57,0.0,327,29.4,16,Overcast clouds,55,7.0,4.84,0.0,53,0.0,518,13.0,16,c02d,245,12.9,8.52,0,Late,13,32,10,50,2022-10-09,0
9E,5350.0,JFK,0.0,85,0.0,205,10.0,16,Overcast clouds,35,8.5,4.76,0.0,82,0.0,175,8.9,16,Overcast clouds,260,4.4,1.2,0,Early,11,15,9,55,2023-05-04,0
MQ,3392.0,ORD,0.0,62,0.0,0,7.7,16,804,185,5.2,2.47,0.0,36,0.0,0,8.9,16,Scattered clouds,225,7.1,2.7,0,Early,21,57,19,10,2022-11-26,0
9E,5090.0,JFK,0.0,83,0.0,0,6.5,16,Clear Sky,20,4.0,1.57,0.0,55,0.0,0,7.3,16,c02n,115,4.6,1.8,2,Early,23,53,22,30,2022-10-29,0
9E,4953.0,JFK,3.0,92,0.0,0,9.4,14,r01n,65,8.4,4.59,0.0,49,0.0,7,14.2,16,c04n,35,3.4,2.85,0,Late,21,56,20,30,2022-05-06,0
MQ,3402.0,ORD,0.0,60,0.0,0,17.8,16,802,80,3.6,1.5,0.0,62,0.0,11,18.3,16,Overcast clouds,310,7.0,3.1,0,Early,23,41,20,46,2023-06-17,0
MQ,3518.0,ORD,0.0,67,0.0,0,23.8,16,803,45,2.6,2.6,0.0,39,0.0,114,26.6,16,Overcast clouds,180,3.8,3.35,0,Early,20,0,17,11,2022-09-10,1
B6,2516.0,JFK,0.0,56,0.0,0,21.1,16,Broken clouds,235,6.4,5.63,0.0,40,0.0,0,21.7,16,Overcast clouds,240,3.6,3.6,1,On-time,23,19,21,59,2023-05-12,1
B6,656.0,MCO,0.0,50,0.0,176,27.2,16,Broken clouds,310,4.09,4.09,0.0,22,0.0,636,26.6,16,c03d,195,5.2,1.57,1,Early,19,2,16,15,2023-05-27,0
9E,5090.0,JFK,0.0,40,0.0,0,-1.1,16,c01n,290,8.6,6.2,0.0,54,0.0,0,-3.9,14,Overcast clouds,260,7.7,5.09,1,On-time,23,45,22,30,2022-11-20,0
MQ,3324.0,ORD,0.0,75,0.0,0,0.4,16,Scattered clouds,300,5.2,2.72,0.0,78,0.0,0,1.1,13,c04n,295,1.5,0.4,1,On-time,22,4,19,17,2023-12-05,1
UA,210.0,ORD,0.0,51,0.0,0,21.7,16,Clear Sky,145,4.4,2.35,0.0,67,0.0,102,23.2,16,Overcast clouds,150,3.7,1.77,0,Early,21,14,18,20,2023-08-28,0
B6,2516.0,JFK,0.0,58,0.0,0,19.4,16,Overcast clouds,230,6.4,4.34,0.0,63,0.0,0,13.9,16,Broken clouds,180,8.2,4.59,1,Early,23,59,22,59,2022-09-26,1
9E,5114.0,JFK,0.0,53,0.0,0,1.7,16,c04n,350,12.4,6.7,0.0,74,0.0,33,-3.5,16,Overcast clouds,250,4.0,3.1,1,Early,17,40,16,15,2022-12-14,0
B6,56.0,MCO,0.0,38,0.0,679,32.8,16,Broken clouds,200,12.9,6.7,0.0,26,0.0,853,27.9,16,Scattered clouds,205,4.3,0.65,2,Early,16,0,13,15,2023-04-14,1
9E,4730.0,JFK,0.0,56,0.0,276,16.4,16,Overcast clouds,125,8.4,5.55,0.0,50,0.0,337,22.8,16,Overcast clouds,115,7.4,2.97,0,Early,16,25,15,10,2022-05-25,0
MQ,3392.0,ORD,0.0,67,0.0,0,9.0,16,804,190,5.4,2.6,0.0,62,0.0,10,5.4,16,Broken clouds,80,2.7,1.12,2,Early,19,27,16,40,2022-11-23,0
9E,4730.0,JFK,1.0,92,1.0,98,1.7,7,s05d,25,7.4,5.7,0.5,95,7.5,143,0.0,1,s01d,80,4.0,1.5,1,Late,16,20,15,0,2022-03-09,1
9E,4988.0,JFK,0.0,76,0.0,0,15.8,16,804,50,3.2,2.47,0.0,80,0.0,0,13.1,16,Scattered clouds,160,1.6,0.75,0,Early,23,59,22,33,2023-09-21,0
9E,4981.0,JFK,0.0,70,0.0,250,21.3,16,Broken clouds,155,9.6,6.57,0.0,39,0.0,560,29.1,16,Broken clouds,190,5.8,4.22,0,On-time,18,30,16,50,2022-06-15,0
MQ,4203.0,ORD,0.5,71,0.0,140,18.0,11,804,105,9.5,7.53,0.0,23,0.0,911,13.6,16,c01d,310,8.3,5.4,1,Late,16,21,13,35,2022-04-30,0
B6,656.0,MCO,0.0,53,0.0,930,25.0,16,Scattered clouds,15,6.0,1.5,1.0,92,4.0,183,1.1,6,Light snow,80,5.1,1.5,2,Late,13,56,11,11,2022-04-03,1
9E,5118.0,JFK,0.0,55,0.0,273,27.5,16,c04d,200,4.0,3.82,0.0,45,0.0,172,25.6,16,c04d,310,7.2,4.9,0,Late,16,4,14,29,2023-08-05,0
B6,656.0,MCO,0.0,63,0.0,0,20.0,16,Scattered clouds,320,4.0,3.1,0.0,66,0.0,51,1.3,16,c04d,90,5.8,3.35,0,On-time,18,59,16,18,2023-01-09,0
9E,4976.0,JFK,0.0,62,0.0,60,16.7,16,Overcast clouds,50,6.9,3.6,0.0,36,0.0,173,16.0,16,Overcast clouds,100,4.1,1.57,0,Early,17,51,16,17,2022-09-30,0
MQ,4203.0,ORD,0.0,52,0.0,177,8.8,16,804,270,12.4,5.4,0.0,42,0.0,679,23.9,16,c03d,115,11.4,5.65,0,Early,16,21,13,35,2022-04-25,0
B6,656.0,MCO,0.0,80,0.0,0,16.9,16,Scattered clouds,265,11.1,7.7,0.0,72,0.0,20,8.3,16,c04n,35,11.8,5.15,0,Late,19,26,16,32,2023-12-17,1
9E,4884.0,JFK,0.0,27,0.0,834,27.8,16,Broken clouds,10,4.8,4.09,0.0,57,0.0,560,20.0,16,Broken clouds,260,5.4,2.35,0,On-time,10,53,9,29,2022-07-04,0
B6,656.0,MCO,0.0,50,0.0,0,17.2,16,Clear Sky,320,4.0,2.1,0.0,65,0.0,38,-1.3,16,c04d,330,3.5,3.47,0,On-time,18,59,16,18,2023-01-10,1
MQ,3911.0,ORD,0.0,48,0.0,0,26.6,16,804,170,6.0,5.25,0.0,36,0.0,181,30.0,16,Overcast clouds,300,4.4,3.6,2,Late,20,0,17,13,2022-08-19,1
9E,4844.0,JFK,0.0,84,0.0,33,9.4,16,804,145,3.8,2.6,0.0,43,0.0,133,13.9,16,c04d,115,11.0,3.59,0,On-time,16,13,14,36,2023-12-09,0
B6,16.0,JFK,0.0,92,0.0,0,3.3,14,Overcast clouds,70,8.8,4.09,1.0,92,1.0,0,-1.1,5,s05n,70,8.8,5.7,2,Early,22,47,21,35,2023-02-22,1
UA,1046.0,ORD,0.0,66,0.0,0,22.6,16,804,250,6.8,3.22,0.0,60,0.0,0,26.1,16,Overcast clouds,220,7.2,4.59,1,On-time,23,59,21,5,2022-08-29,1
9E,5340.0,JFK,0.0,100,0.0,0,10.2,0,a05n,80,4.0,2.7,2.0,91,0.0,0,15.8,9,Light rain,95,13.8,2.6,1,Late,23,59,22,32,2023-04-05,1
B6,656.0,MCO,0.0,68,0.0,0,25.2,16,Few clouds,70,6.0,4.84,0.0,76,0.0,82,8.3,16,Overcast clouds,80,6.0,5.09,0,Early,19,20,16,30,2023-10-29,0
9E,5090.0,JFK,0.0,63,0.0,0,22.8,16,Broken clouds,235,7.2,5.09,0.0,77,0.0,0,21.7,16,Overcast clouds,185,5.8,1.8,0,On-time,23,59,22,30,2022-09-18,0
9E,5009.0,JFK,0.0,63,0.0,0,5.7,16,c04n,185,7.6,5.7,0.0,92,0.0,0,-0.6,6,c04n,300,7.6,4.09,0,Late,23,54,22,30,2023-01-20,1
MQ,3911.0,ORD,0.0,72,0.0,0,21.9,16,804,50,2.85,2.85,0.0,75,0.0,100,21.7,16,Overcast clouds,90,7.0,3.72,1,Early,20,0,17,13,2022-09-06,1
9E,5090.0,JFK,0.0,52,0.0,0,-12.8,16,c04n,270,13.5,13.5,0.0,82,0.0,0,-13.3,2,Haze,220,13.4,9.8,1,On-time,23,58,22,30,2022-12-23,1
9E,4844.0,JFK,0.0,77,0.0,34,14.6,16,803,200,6.8,3.76,0.0,56,0.0,93,11.7,16,Overcast clouds,290,14.4,8.8,2,Early,16,31,15,0,2023-11-07,0
UA,1046.0,ORD,0.0,79,0.0,0,19.1,16,801,335,1.6,1.12,0.0,81,0.0,0,18.3,16,Broken clouds,300,2.4,1.5,0,Late,23,59,21,5,2022-08-17,1
B6,656.0,MCO,0.0,48,0.0,168,31.1,16,Overcast clouds,170,11.8,7.7,1.5,56,0.0,157,2.6,16,Light rain,85,7.9,5.92,1,Early,13,58,11,11,2022-03-23,1
B6,2516.0,JFK,0.0,83,0.0,0,12.2,16,c04n,180,4.4,3.6,0.0,54,0.0,0,11.3,16,c04n,255,1.7,0.52,0,Late,23,7,21,45,2022-05-05,0
MQ,3392.0,ORD,0.0,78,0.0,0,3.3,16,Overcast clouds,290,7.2,4.87,0.0,82,0.0,0,10.6,16,Overcast clouds,130,16.1,3.85,0,On-time,22,24,19,40,2023-02-09,1
UA,210.0,ORD,0.0,58,0.0,0,20.0,16,Scattered clouds,320,4.5,4.15,0.0,51,0.0,87,28.2,16,Overcast clouds,170,6.3,3.97,2,Late,21,14,18,20,2023-08-17,1
MQ,3518.0,ORD,0.0,46,0.0,0,24.6,16,803,190,3.22,3.22,0.0,56,0.0,197,26.3,16,Overcast clouds,315,4.97,4.97,1,Late,20,0,17,11,2022-09-08,1
B6,656.0,MCO,0.0,64,0.0,0,13.3,16,Clear Sky,260,6.4,4.09,0.5,77,10.0,42,-2.2,4,Light snow,280,12.9,6.7,1,On-time,19,0,16,17,2022-01-17,0
MQ,3949.0,ORD,0.0,53,0.0,267,26.6,16,Overcast clouds,290,6.4,4.97,0.0,79,0.0,167,20.6,15,c04d,250,11.6,7.6,0,Early,16,5,13,15,2023-08-08,0
B6,116.0,JFK,0.0,60,0.0,95,7.8,16,c04d,40,7.1,6.7,0.0,58,0.0,123,3.3,16,Overcast clouds,75,6.2,3.35,2,On-time,14,46,13,35,2022-11-15,1
MQ,3963.0,ORD,0.0,39,0.0,55,11.9,16,802,250,8.7,4.34,0.0,75,0.0,132,8.9,16,Overcast clouds,285,13.4,5.0,0,Early,16,1,13,15,2023-11-09,0
9E,4953.0,JFK,0.0,96,0.0,0,18.3,16,Overcast clouds,115,4.8,3.35,0.0,60,0.0,28,18.4,16,Overcast clouds,275,3.6,3.35,2,Late,21,56,20,30,2022-06-02,0
9E,5224.0,JFK,0.0,69,0.0,0,4.4,16,Overcast clouds,105,8.2,6.57,0.0,40,0.0,85,3.9,16,c04d,80,8.6,5.7,2,Late,17,59,16,30,2023-03-03,0
B6,656.0,MCO,0.0,53,0.0,0,14.4,16,Clear Sky,60,5.7,5.7,0.0,52,0.0,54,1.6,16,Overcast clouds,205,5.05,5.05,0,Early,18,59,16,18,2023-01-27,1
9E,4844.0,JFK,0.0,81,0.0,29,15.2,16,804,185,7.86,7.86,1.0,66,0.0,85,14.4,16,Light rain,170,9.9,6.2,0,Early,16,31,15,0,2023-11-17,0
9E,5224.0,JFK,0.0,33,0.0,108,2.8,16,Broken clouds,285,11.5,7.69,0.0,45,0.0,178,0.4,16,c04d,265,15.4,11.7,2,Early,18,16,16,50,2023-03-19,0
MQ,3518.0,ORD,0.0,63,0.0,0,20.3,16,801,100,3.6,2.32,0.0,79,0.0,121,20.9,16,Overcast clouds,175,8.1,1.95,1,Late,20,0,17,11,2022-09-19,1
B6,16.0,JFK,0.0,59,0.0,0,3.3,16,Scattered clouds,350,9.2,7.2,0.0,70,0.0,0,-2.8,16,c02n,230,5.9,2.22,2,On-time,22,38,21,20,2023-03-08,1
9E,4981.0,JFK,1.5,93,0.0,86,22.2,13,Light rain,230,3.0,2.97,0.0,42,0.0,589,22.2,16,Broken clouds,285,10.7,6.45,0,On-time,18,30,16,50,2022-06-27,0
MQ,4203.0,ORD,0.0,58,0.0,347,24.1,16,802,105,4.8,3.3,0.0,76,0.0,145,17.5,15,Overcast clouds,80,5.2,1.6,0,On-time,16,9,13,21,2023-09-29,0
9E,5009.0,JFK,0.0,69,0.0,0,5.7,16,c02n,335,5.6,4.62,0.0,92,0.0,0,2.8,16,c04n,260,5.0,3.84,1,Late,23,54,22,30,2023-01-18,0
MQ,3324.0,ORD,0.0,50,0.0,0,0.7,16,Clear Sky,220,5.6,2.85,0.0,76,0.0,0,0.0,14,c04n,255,10.2,4.72,1,Late,22,4,19,17,2023-12-13,1
9E,4988.0,JFK,0.0,57,0.0,0,18.5,16,802,340,3.35,3.35,0.0,76,0.0,0,10.8,16,Scattered clouds,245,2.0,0.8,1,Early,23,59,22,33,2023-09-20,0
9E,5090.0,JFK,0.0,54,0.0,0,3.3,16,c04n,280,7.7,4.59,0.0,65,0.0,0,1.8,15,Overcast clouds,230,7.2,3.59,1,Early,23,45,22,30,2022-11-17,0
MQ,3324.0,ORD,0.0,69,0.0,0,23.6,16,Scattered clouds,15,6.0,3.84,0.0,57,0.0,0,24.4,16,Overcast clouds,275,2.6,0.8,2,Early,23,21,20,25,2023-08-20,1
MQ,3392.0,ORD,0.0,78,0.0,0,5.3,11,804,150,2.0,0.75,0.0,67,0.0,8,5.4,6,Overcast clouds,100,4.9,1.95,0,Early,19,33,16,45,2022-12-06,0
9E,4856.0,JFK,0.0,73,0.0,213,15.3,16,804,240,9.1,4.59,0.0,61,0.0,143,13.9,16,Overcast clouds,290,14.9,8.8,0,Early,12,18,10,54,2023-11-07,0
MQ,3402.0,ORD,0.0,90,0.0,0,18.3,16,Overcast clouds,350,7.2,7.2,0.0,45,0.0,233,26.1,16,c03d,340,3.35,3.35,1,On-time,21,32,18,36,2023-07-12,1
B6,2516.0,JFK,0.0,73,0.0,0,19.4,16,802,125,4.9,4.09,0.0,83,0.0,0,16.7,16,Overcast clouds,275,3.6,1.6,1,Late,23,15,21,55,2023-10-01,1
B6,56.0,MCO,0.0,39,0.0,255,17.5,16,Overcast clouds,345,7.1,2.72,0.0,63,0.0,323,-1.7,11,c04d,270,15.4,8.19,2,Early,16,51,14,7,2023-03-19,1
B6,656.0,MCO,0.0,73,0.0,0,21.7,16,Clear Sky,30,4.8,3.1,0.0,49,0.0,37,5.7,16,Broken clouds,300,6.0,1.95,0,Early,19,7,16,17,2023-11-18,1
9E,5090.0,JFK,0.0,52,0.0,0,10.6,16,Clear Sky,330,10.4,8.15,0.0,75,0.0,0,8.1,16,Broken clouds,245,6.8,2.04,0,Late,23,59,22,30,2022-09-23,0
9E,5175.0,JFK,2.0,96,0.0,53,16.7,16,500,120,10.0,3.1,0.0,49,0.0,170,19.7,16,Overcast clouds,145,9.6,5.4,0,On-time,16,57,15,25,2023-10-20,0
9E,5350.0,JFK,0.0,46,0.0,788,11.3,16,c02d,225,6.36,6.36,0.0,42,0.0,584,9.4,16,Scattered clouds,190,4.8,1.2,0,Early,11,15,9,55,2023-04-10,0
B6,2516.0,JFK,0.0,52,0.0,0,11.0,16,Clear Sky,360,8.4,6.07,0.0,79,0.0,0,3.9,16,c01n,265,3.2,2.0,1,Early,23,59,22,59,2022-10-27,1
B6,656.0,MCO,0.0,53,0.0,844,30.6,16,Broken clouds,170,11.8,6.2,0.0,52,0.0,621,10.0,16,Broken clouds,75,7.2,3.59,0,Late,13,56,11,11,2022-04-05,0
B6,2516.0,JFK,2.0,89,0.0,0,15.6,11,Light rain,200,5.5,4.09,0.0,77,0.0,0,13.8,16,c04n,110,7.6,0.75,2,Late,23,40,22,29,2022-10-31,1
MQ,4203.0,ORD,0.0,62,0.0,158,10.3,16,804,155,12.6,7.75,0.0,44,0.0,807,8.1,16,c03d,280,11.1,6.2,0,Early,16,21,13,35,2022-04-20,0
MQ,3949.0,ORD,4.0,87,0.0,93,21.1,8,Light rain,30,3.2,3.1,0.0,56,0.0,356,25.4,16,Overcast clouds,270,7.1,4.59,1,Early,16,5,13,15,2023-08-14,1
9E,4730.0,JFK,0.0,68,0.0,162,10.6,16,c04d,165,12.9,10.05,1.0,71,0.0,193,11.1,16,r01d,180,11.8,6.2,0,Early,16,20,15,0,2022-04-21,0
MQ,3402.0,ORD,0.0,54,0.0,0,25.9,16,801,200,7.0,4.09,0.0,91,0.0,93,18.6,16,Overcast clouds,260,5.4,1.5,1,Early,21,32,18,36,2023-07-10,1
MQ,3949.0,ORD,0.0,73,0.0,212,22.8,16,Overcast clouds,80,6.4,3.85,0.0,52,0.0,361,24.9,16,Overcast clouds,290,9.5,4.47,0,On-time,16,5,13,15,2023-08-13,1
B6,2516.0,JFK,0.0,87,0.0,0,16.7,16,803,345,6.5,4.59,0.0,80,0.0,0,16.7,16,Clear Sky,270,3.6,2.1,1,Late,23,20,22,0,2023-09-30,1
B6,656.0,MCO,0.0,48,0.0,0,13.3,16,Overcast clouds,70,4.59,4.59,0.0,53,0.0,63,-9.4,16,Overcast clouds,285,10.1,5.5,0,Late,19,0,16,17,2022-02-14,0
B6,56.0,MCO,0.0,45,0.0,291,28.9,16,Scattered clouds,255,11.0,6.2,0.0,81,0.0,157,2.2,16,c04d,260,10.3,6.7,1,On-time,16,51,14,7,2023-02-28,1
B6,116.0,JFK,0.0,50,0.0,370,12.2,16,Overcast clouds,250,12.2,8.19,0.0,61,0.0,272,10.0,15,Overcast clouds,330,6.4,1.4,0,Late,14,42,13,30,2023-05-02,1
B6,2516.0,JFK,0.0,60,0.0,0,3.8,16,c02n,310,6.4,5.7,0.0,71,0.0,0,-3.3,16,c04n,330,6.8,3.1,2,Late,23,7,21,55,2023-01-07,1
MQ,3324.0,ORD,0.0,79,0.0,0,22.8,16,Broken clouds,100,3.0,2.04,0.0,78,0.0,0,22.5,16,Overcast clouds,290,4.4,2.6,0,On-time,23,21,20,25,2023-08-25,1
B6,2516.0,JFK,0.0,94,0.0,0,24.2,14,804,155,3.9,3.76,0.0,70,0.0,0,20.6,16,Overcast clouds,280,3.6,3.1,1,Early,23,15,21,55,2023-09-08,1
MQ,3324.0,ORD,0.0,84,0.0,0,21.1,16,Overcast clouds,30,4.7,3.1,0.0,62,0.0,0,19.1,16,Overcast clouds,295,5.8,3.35,0,On-time,23,21,20,25,2023-08-21,1
B6,16.0,JFK,0.0,91,0.0,0,5.6,14,Overcast clouds,90,14.4,9.8,3.0,91,24.0,0,0.6,1,s02n,85,15.8,6.45,2,Late,22,47,21,35,2023-03-03,1
9E,5090.0,JFK,0.0,60,0.0,0,16.9,16,Overcast clouds,360,8.4,6.85,0.0,84,0.0,0,11.7,16,Overcast clouds,280,4.8,1.3,0,Early,23,59,22,30,2022-09-28,0
B6,2516.0,JFK,0.5,96,0.0,0,3.0,3,c04n,20,5.5,3.84,0.0,74,0.0,0,-1.7,16,Overcast clouds,80,5.6,3.1,1,On-time,23,15,21,59,2022-02-07,1
9E,5224.0,JFK,0.0,41,0.0,0,4.8,16,c04n,10,2.85,2.85,0.0,60,0.0,52,0.3,16,Overcast clouds,230,4.84,4.84,0,Early,17,59,16,30,2023-02-11,0
B6,116.0,JFK,0.0,48,0.0,496,20.0,16,803,190,4.09,4.09,0.0,53,0.0,271,16.1,16,Overcast clouds,305,11.2,4.59,1,Late,14,39,13,30,2023-10-12,1
B6,2516.0,JFK,0.0,66,0.0,0,7.8,16,c03n,190,12.3,9.3,0.5,67,0.0,0,8.9,11,Overcast clouds,220,14.9,10.8,0,Late,23,15,21,59,2022-02-11,1
MQ,3324.0,ORD,0.0,76,0.0,0,20.0,16,804,100,9.4,6.05,0.0,66,0.0,0,14.4,16,Overcast clouds,70,3.2,1.5,1,On-time,21,54,18,55,2023-09-26,1
UA,288.0,ORD,0.0,44,0.0,211,27.9,16,804,210,10.3,4.84,0.0,50,0.0,366,26.7,16,c04d,130,4.4,2.1,2,Early,16,53,13,58,2022-07-31,0
9E,4988.0,JFK,0.0,56,0.0,0,18.0,16,800,300,4.4,4.22,0.0,73,0.0,0,12.5,16,Clear Sky,220,4.2,1.05,0,Early,23,59,22,33,2023-09-19,0
MQ,3473.0,ORD,0.0,55,0.0,0,7.8,16,Few clouds,210,5.6,2.85,0.0,48,0.0,165,4.7,16,c03d,230,7.6,5.65,0,On-time,17,18,14,26,2023-12-14,0
9E,4730.0,JFK,0.0,66,0.0,270,7.6,16,c02d,130,8.3,6.7,0.0,60,0.0,145,7.8,16,c04d,50,9.3,4.09,0,Late,16,20,15,0,2022-03-11,0
B6,656.0,MCO,0.0,54,0.0,537,29.8,16,Broken clouds,35,7.2,2.85,0.0,54,0.0,417,8.6,16,c02d,85,4.0,0.52,0,Early,13,32,10,50,2022-10-29,0
9E,5114.0,JFK,0.0,72,0.0,0,2.2,16,c04n,190,4.6,4.09,0.0,63,0.0,48,-0.6,16,c03d,230,2.2,1.9,0,Early,17,48,16,20,2023-01-08,0
B6,398.0,JFK,2.0,86,0.0,0,9.4,16,Light rain,20,11.3,7.7,0.0,54,0.0,37,11.6,16,Overcast clouds,290,3.6,3.34,1,Early,19,47,18,30,2022-10-03,1
9E,4844.0,JFK,0.0,54,0.0,32,5.6,16,803,240,6.8,6.7,0.0,38,0.0,216,7.5,16,c02d,195,12.7,7.94,2,Early,16,7,14,30,2023-12-12,0
MQ,3518.0,ORD,0.0,62,0.0,0,21.4,16,801,305,2.4,2.1,0.0,63,0.0,184,21.1,16,Overcast clouds,295,6.9,0.77,1,On-time,20,0,17,11,2022-09-13,0
9E,5114.0,JFK,0.0,58,0.0,0,8.9,16,c02n,310,11.3,8.8,0.0,88,0.0,18,2.8,16,Overcast clouds,280,9.2,4.09,2,Late,17,48,16,30,2022-11-28,0
B6,656.0,MCO,0.0,43,0.0,887,29.4,16,Broken clouds,85,7.6,2.6,0.0,47,0.0,357,19.8,16,c04d,115,11.2,5.09,1,On-time,13,56,11,11,2022-04-25,0
MQ,4203.0,ORD,0.0,52,0.0,467,31.6,16,803,180,10.8,5.75,0.0,24,0.0,925,22.3,16,c02d,85,9.3,5.09,2,Late,16,23,13,35,2022-05-10,0
9E,5224.0,JFK,0.0,89,0.0,0,4.4,16,Overcast clouds,110,5.2,5.09,0.0,92,0.0,75,-1.1,6,c04d,25,6.6,1.5,0,Early,17,59,16,30,2023-02-23,0
B6,2516.0,JFK,0.0,73,0.0,0,10.9,16,Overcast clouds,140,4.8,2.1,0.0,47,0.0,0,10.0,16,Broken clouds,245,3.2,2.0,2,Early,23,19,21,59,2023-05-09,0
9E,5009.0,JFK,0.0,58,0.0,0,3.8,16,c04n,265,4.8,4.59,0.0,76,0.0,0,-5.8,16,c02n,310,2.8,2.1,2,Early,23,54,22,30,2023-01-10,0
9E,5090.0,JFK,0.0,41,0.0,0,1.6,16,c01n,360,9.9,5.7,0.0,84,0.0,0,-4.2,16,Clear Sky,275,3.0,0.75,0,Early,23,58,22,30,2022-12-09,0
9E,5009.0,JFK,0.0,64,0.0,0,2.2,16,c04n,240,2.8,2.47,0.0,70,0.0,0,0.6,16,c04n,210,3.2,1.73,1,Late,23,54,22,30,2023-01-21,0
B6,656.0,MCO,0.0,47,0.0,774,30.3,16,Scattered clouds,105,6.6,1.05,0.0,58,0.0,298,12.1,16,c04d,155,6.5,2.6,2,Early,13,32,10,50,2022-10-16,0
B6,656.0,MCO,0.0,77,0.0,0,19.7,16,Overcast clouds,75,6.2,2.6,0.0,89,0.0,18,3.3,4,c04n,45,2.4,1.4,0,Early,19,27,16,32,2023-12-24,0
9E,5224.0,JFK,0.0,51,0.0,0,3.2,16,Overcast clouds,130,11.4,6.82,0.0,46,0.0,79,1.1,16,c04d,70,8.2,5.65,2,Early,17,59,16,30,2023-02-27,0
MQ,3545.0,ORD,0.0,76,0.0,0,10.6,16,801,170,3.1,2.4,0.0,63,0.0,0,9.7,16,Overcast clouds,280,3.9,2.6,2,Late,23,11,20,20,2022-10-03,0
B6,656.0,MCO,0.0,62,0.0,0,22.5,16,Scattered clouds,40,6.7,4.47,0.0,23,0.0,76,15.3,16,Overcast clouds,185,11.3,7.19,1,Early,19,20,16,30,2023-11-03,0
9E,5090.0,JFK,0.0,80,0.0,0,15.0,16,Overcast clouds,40,10.4,7.82,0.0,71,0.0,0,12.2,16,Broken clouds,335,5.8,2.85,0,On-time,23,59,22,30,2022-10-01,0
B6,2516.0,JFK,0.0,52,0.0,0,10.6,16,Clear Sky,330,10.4,8.15,0.0,79,0.0,0,7.2,16,Scattered clouds,230,7.2,2.8,1,Late,23,59,22,59,2022-09-23,1
B6,2516.0,JFK,0.0,79,0.0,0,26.1,16,c04n,145,11.6,2.4,0.0,70,0.0,0,21.3,16,c03n,55,3.5,0.37,1,On-time,23,2,21,39,2023-07-14,1
B6,2516.0,JFK,0.0,81,0.0,0,21.7,16,c02n,80,3.0,1.5,0.0,67,0.0,0,18.7,16,c04n,345,2.9,2.02,1,Late,23,2,21,39,2023-07-31,1
9E,4856.0,JFK,0.0,41,0.0,459,12.5,16,803,295,8.3,5.65,0.0,57,0.0,139,3.3,16,Overcast clouds,330,8.4,3.1,2,Early,12,18,10,54,2023-11-11,0
9E,5114.0,JFK,0.0,93,0.0,0,13.0,10,c04n,240,12.9,9.8,0.0,81,0.0,26,5.9,12,Overcast clouds,260,17.7,9.13,1,Early,17,43,16,15,2022-11-30,1
B6,2516.0,JFK,0.0,93,0.0,0,15.0,16,c04n,150,4.8,2.7,0.0,60,0.0,0,15.0,16,Broken clouds,195,10.6,4.34,1,On-time,23,40,22,29,2022-11-10,1
B6,56.0,MCO,1.0,70,0.0,306,21.7,11,Light rain,60,15.4,8.8,0.0,26,0.0,846,16.4,16,Scattered clouds,285,5.9,2.1,1,Early,16,0,13,15,2023-04-10,1
9E,4844.0,JFK,0.0,36,0.0,33,7.2,16,803,290,11.3,5.09,0.0,45,0.0,90,2.8,14,c04d,270,13.4,9.8,1,Early,16,7,14,30,2023-12-13,0
9E,4856.0,JFK,0.0,40,0.0,334,3.3,16,803,265,11.6,8.5,0.0,49,0.0,356,0.0,16,Broken clouds,240,14.9,10.8,0,On-time,12,18,10,54,2023-11-28,0
UA,1998.0,ORD,0.0,62,0.0,0,6.7,16,Scattered clouds,180,3.8,3.59,0.0,59,0.0,31,11.0,16,c04n,285,11.3,8.07,0,Early,21,18,18,21,2022-10-07,0
9E,4953.0,JFK,0.0,69,0.0,0,21.6,16,Overcast clouds,300,6.0,5.12,0.0,68,0.0,22,16.4,16,Scattered clouds,315,4.2,2.04,2,Late,21,56,20,30,2022-05-28,0
9E,5224.0,JFK,0.0,78,0.0,50,9.2,16,Overcast clouds,185,6.8,3.35,1.0,79,0.0,174,8.3,16,r01d,175,12.0,7.87,2,Early,18,16,16,50,2023-03-17,0
B6,2516.0,JFK,0.0,96,0.0,0,15.0,1,a03n,100,6.2,6.2,0.0,39,0.0,0,20.7,16,c04n,155,7.0,2.1,1,Late,23,7,21,45,2022-05-12,1
9E,4953.0,JFK,0.0,92,0.0,0,17.8,16,Few clouds,155,3.6,1.95,0.0,38,0.0,28,15.3,16,Scattered clouds,275,5.0,3.84,2,On-time,21,55,20,29,2022-06-04,0
9E,4953.0,JFK,0.0,28,0.0,0,15.7,16,c04n,255,5.92,5.92,0.0,53,0.0,0,8.1,16,c04n,300,3.6,3.35,0,On-time,21,56,20,30,2022-04-22,0
9E,5090.0,JFK,0.0,62,0.0,0,14.3,16,Overcast clouds,15,8.4,3.72,0.0,84,0.0,0,7.2,16,Clear Sky,310,2.6,1.6,0,Early,23,59,22,30,2022-09-29,0
9E,4981.0,JFK,0.5,72,0.0,112,26.4,16,Overcast clouds,165,6.6,4.25,0.0,31,0.0,283,26.8,16,Overcast clouds,325,7.6,5.55,0,Early,18,30,16,50,2022-07-02,0
MQ,3330.0,ORD,0.0,84,0.0,0,19.7,16,804,25,4.8,3.6,0.0,90,0.0,0,19.4,16,Overcast clouds,65,3.8,1.05,2,Early,23,12,20,24,2022-09-05,1
B6,656.0,MCO,0.0,40,0.0,410,26.7,16,Overcast clouds,80,10.8,6.7,0.0,55,0.0,349,5.5,16,c04d,285,10.2,7.07,1,On-time,13,56,11,11,2022-04-20,1
9E,5202.0,JFK,21.0,87,0.0,54,22.9,13,t03d,155,4.5,3.76,0.0,90,0.0,126,19.4,2,Haze,40,6.4,2.1,2,Early,11,20,9,59,2022-09-06,0
B6,116.0,JFK,0.0,70,0.0,188,8.3,16,c04d,140,11.2,5.7,0.0,51,0.0,196,6.1,16,Overcast clouds,70,9.6,5.15,1,Late,14,42,13,30,2023-03-31,1
B6,2516.0,JFK,0.0,89,0.0,0,4.4,16,c04n,290,9.0,6.2,0.0,92,0.0,0,1.9,12,Overcast clouds,255,5.2,4.26,1,On-time,23,40,22,29,2022-12-16,1
B6,656.0,MCO,0.0,59,0.0,296,28.3,16,Overcast clouds,60,6.2,1.05,0.0,69,0.0,133,6.0,16,c04d,75,5.9,2.32,1,Early,13,32,10,50,2022-10-28,1
B6,656.0,MCO,0.0,72,0.0,0,10.8,16,Clear Sky,360,8.2,5.4,0.0,72,0.0,17,-2.2,16,c04n,260,11.4,6.45,1,Late,19,26,16,32,2023-12-19,1
9E,4730.0,JFK,0.0,36,0.0,348,1.4,16,c03d,240,10.9,8.0,0.0,46,0.0,277,-2.8,16,c04d,210,9.6,5.09,0,Early,16,20,15,0,2022-03-13,0
9E,5090.0,JFK,0.0,52,0.0,0,11.0,16,Clear Sky,360,8.4,6.07,0.0,76,0.0,0,4.2,16,c01n,275,3.4,1.8,2,Early,23,53,22,30,2022-10-27,0
MQ,3324.0,ORD,0.0,84,0.0,0,24.4,16,Overcast clouds,60,7.7,7.7,0.0,75,0.0,0,20.6,15,Overcast clouds,145,10.4,1.9,1,Late,23,21,20,25,2023-08-24,1
B6,116.0,JFK,5.0,96,0.0,102,10.0,6,501,40,3.6,3.6,0.0,66,0.0,163,12.2,16,Overcast clouds,90,3.6,2.1,1,Early,14,39,13,30,2023-10-14,1
B6,2516.0,JFK,0.0,93,0.0,0,23.9,16,c03n,180,5.2,5.09,0.0,89,0.0,0,19.2,16,c04n,290,3.4,1.5,1,Late,23,2,21,39,2023-07-24,1
B6,2516.0,JFK,0.0,93,0.0,0,23.3,12,c03n,200,4.4,3.6,0.0,59,0.0,0,24.5,16,c04n,110,7.4,3.1,1,Late,23,2,21,39,2023-07-20,1
MQ,3911.0,ORD,0.0,78,0.0,0,20.6,16,804,30,8.8,7.44,0.0,72,0.0,144,22.9,16,Overcast clouds,295,5.1,3.85,1,Late,20,0,17,13,2022-09-04,1
9E,5090.0,JFK,0.0,100,0.0,0,11.8,14,a05n,95,13.0,8.8,0.0,94,0.0,0,1.9,16,Overcast clouds,75,10.8,6.36,2,Late,23,58,22,30,2022-12-22,1
9E,5090.0,JFK,0.0,51,0.0,0,16.9,16,Scattered clouds,270,6.45,6.45,0.0,85,0.0,0,13.1,16,Overcast clouds,215,7.2,3.1,0,Early,23,59,22,30,2022-09-27,0
B6,56.0,MCO,0.0,47,0.0,114,28.1,14,Overcast clouds,265,9.1,5.82,0.0,70,0.0,150,7.2,16,Overcast clouds,210,17.9,6.7,1,On-time,16,51,14,7,2023-02-21,1
9E,5175.0,JFK,0.0,41,0.0,352,23.9,16,802,290,4.7,4.59,0.0,38,0.0,590,20.3,16,Scattered clouds,295,9.0,5.37,0,Late,16,51,15,20,2023-09-20,0
UA,1998.0,ORD,0.0,78,0.0,0,6.7,16,Overcast clouds,270,7.9,3.84,0.0,38,0.0,20,14.8,16,c03n,155,1.9,1.57,0,Early,21,18,18,21,2022-10-14,0
MQ,4203.0,ORD,0.0,41,0.0,517,26.4,16,Scattered clouds,100,4.4,3.59,0.0,72,0.0,337,21.5,16,Overcast clouds,90,5.9,2.85,2,Early,16,11,13,19,2023-08-28,0
MQ,4203.0,ORD,0.25,57,0.0,224,31.3,16,804,100,6.2,5.95,0.0,21,0.0,927,24.4,16,c02d,85,6.4,1.55,0,Early,16,23,13,35,2022-05-11,0
B6,398.0,JFK,0.0,45,0.0,37,13.9,16,Scattered clouds,160,4.4,4.09,0.0,26,0.0,230,16.9,16,c02d,185,8.2,5.4,0,Late,17,44,16,30,2022-10-21,0
B6,2516.0,JFK,0.0,100,0.0,0,17.2,1,Fog,140,6.0,3.6,0.0,67,0.0,0,22.4,16,Overcast clouds,175,8.3,4.87,1,Early,23,7,21,45,2022-05-20,1
B6,656.0,MCO,0.0,42,0.0,163,27.8,16,Scattered clouds,100,10.8,5.09,0.0,26,0.0,171,17.6,16,Overcast clouds,320,11.5,5.09,0,On-time,19,2,16,15,2023-05-08,0
B6,398.0,JFK,0.0,34,0.0,56,18.9,16,Scattered clouds,310,3.1,3.1,0.0,36,0.0,118,16.4,16,c04d,215,5.2,2.85,0,Early,17,44,16,30,2022-10-14,0
B6,116.0,JFK,0.0,69,0.0,124,13.7,16,803,180,3.4,3.22,0.0,38,0.0,130,16.6,16,Overcast clouds,280,4.2,1.65,0,On-time,15,35,14,14,2023-11-16,0
B6,116.0,JFK,1.0,93,0.0,86,18.0,16,r01d,140,11.8,8.19,3.0,86,0.0,83,17.2,11,Light rain,90,9.6,3.59,1,On-time,14,46,13,35,2022-11-11,1
MQ,3324.0,ORD,0.0,70,0.0,0,18.9,16,Clear Sky,45,3.6,2.85,0.0,67,0.0,0,18.4,16,Scattered clouds,305,3.1,3.1,2,Early,23,21,20,25,2023-08-27,2
9E,5036.0,JFK,0.0,51,0.0,0,22.4,16,Overcast clouds,235,3.6,3.6,0.0,66,0.0,0,15.0,16,Scattered clouds,215,2.8,1.6,0,Early,23,37,22,0,2022-06-10,0
9E,5206.0,JFK,0.0,92,0.0,57,11.7,16,804,70,9.6,5.09,0.0,77,0.0,115,8.9,16,Overcast clouds,70,9.8,5.33,0,Early,16,58,15,26,2023-10-29,0
9E,5114.0,JFK,0.0,44,0.0,0,5.0,16,c01n,350,10.8,5.09,0.0,70,0.0,24,0.6,16,Broken clouds,325,4.7,0.77,0,Early,17,40,16,15,2022-12-09,0
MQ,4203.0,ORD,0.375,78,0.0,234,20.0,16,804,220,12.9,7.2,0.0,39,0.0,868,21.1,16,c02d,60,8.0,4.34,2,Early,16,21,13,35,2022-04-24,0
UA,1998.0,ORD,0.0,79,0.0,0,3.9,16,Overcast clouds,285,13.4,6.7,0.0,51,0.0,0,0.4,16,c04n,80,8.8,6.82,0,Late,21,8,18,19,2023-02-27,1
9E,5224.0,JFK,0.0,44,0.0,0,4.0,16,Overcast clouds,325,17.5,12.77,0.0,51,0.0,89,0.8,14,c04d,315,12.1,7.2,0,Early,17,59,16,30,2023-03-07,0
MQ,3392.0,ORD,0.0,50,0.0,0,2.8,16,804,125,5.0,2.97,0.0,65,0.0,12,2.8,16,Overcast clouds,270,6.7,3.6,0,Early,19,27,16,40,2022-11-14,0
9E,5090.0,JFK,0.0,77,0.0,0,21.6,16,Broken clouds,210,8.0,5.82,0.0,60,0.0,0,24.8,16,Overcast clouds,195,9.0,5.86,0,Early,23,59,22,30,2022-09-21,0
9E,5090.0,JFK,0.0,90,0.0,0,16.0,16,Overcast clouds,220,4.0,1.57,0.0,80,0.0,0,16.7,16,c04n,160,5.0,2.1,2,Late,23,53,22,30,2022-10-06,0
MQ,4203.0,ORD,0.0,30,0.0,241,17.1,16,Overcast clouds,135,14.3,10.55,0.25,75,0.25,203,3.9,10,Sleet,280,11.3,7.7,2,On-time,16,21,13,35,2022-04-10,2
B6,116.0,JFK,4.0,92,0.0,62,10.0,4,r01d,190,9.1,6.2,2.0,85,0.0,99,6.1,13,Light rain,85,9.4,3.09,0,Early,14,46,13,35,2022-11-27,1
B6,656.0,MCO,0.0,64,0.0,0,26.1,16,Overcast clouds,210,4.8,2.1,2.0,96,0.0,28,7.2,8,r01n,80,5.0,2.1,1,Late,19,1,16,20,2023-01-04,1
UA,1998.0,ORD,0.0,46,0.0,0,7.2,16,Overcast clouds,225,9.1,5.4,0.0,50,0.0,0,3.2,16,Overcast clouds,40,2.7,1.12,0,Early,21,8,18,19,2023-02-12,0
UA,1503.0,ORD,0.0,84,0.0,0,20.4,16,Overcast clouds,25,4.8,4.47,0.0,61,0.0,0,21.7,16,Scattered clouds,300,3.2,2.1,2,Early,23,59,21,5,2022-07-06,1
9E,5175.0,JFK,0.0,45,0.0,61,13.3,16,804,310,15.2,11.3,1.0,79,0.0,123,6.1,12,Light rain,295,11.3,6.36,0,On-time,16,57,15,25,2023-10-22,1
B6,116.0,JFK,0.0,96,0.0,77,6.1,2,721,120,2.9,1.5,0.0,88,0.0,99,6.7,13,c04d,70,6.9,2.6,1,Late,15,40,14,22,2023-12-26,0
9E,4981.0,JFK,0.0,58,0.0,266,24.3,16,Broken clouds,180,14.3,9.92,0.0,45,0.0,252,31.3,16,Overcast clouds,180,13.7,5.12,1,Early,18,30,16,50,2022-06-26,0
B6,656.0,MCO,0.0,63,0.0,0,17.1,16,Overcast clouds,25,12.2,6.32,0.0,76,0.0,105,2.9,9,Overcast clouds,345,9.8,3.43,2,Early,19,20,16,30,2023-11-01,1
9E,4730.0,JFK,0.0,32,0.0,264,18.8,16,c04d,95,9.4,5.37,0.0,22,0.0,797,23.4,16,c02d,85,10.9,6.07,0,Early,16,25,15,10,2022-05-10,0
B6,2516.0,JFK,0.0,100,0.0,0,16.1,16,741,100,5.6,2.6,0.0,90,0.0,0,13.3,13,Overcast clouds,120,3.6,2.4,1,Late,23,15,21,55,2023-10-20,1
B6,656.0,MCO,0.0,44,0.0,0,17.2,16,Overcast clouds,310,2.8,2.6,0.0,95,0.0,25,1.7,14,Overcast clouds,105,5.2,1.05,2,Late,18,55,16,14,2022-12-16,1
B6,656.0,MCO,0.0,46,0.0,810,28.9,16,Scattered clouds,55,8.8,4.09,0.0,67,0.0,114,7.7,16,c04d,265,9.1,3.1,1,Early,13,32,10,50,2022-10-08,1
MQ,3473.0,ORD,0.0,70,0.0,0,0.0,16,Overcast clouds,310,5.4,3.34,1.0,85,0.0,90,6.7,5,r01d,300,7.6,2.1,0,On-time,17,18,14,26,2023-12-10,2
B6,116.0,JFK,1.0,93,0.0,111,12.0,14,500,55,5.15,5.15,0.0,83,0.0,146,8.3,16,Overcast clouds,60,6.8,3.6,0,Early,15,21,14,0,2023-10-29,0
MQ,3324.0,ORD,0.0,86,0.0,0,6.0,16,Overcast clouds,135,4.0,2.35,0.0,69,0.0,0,-5.3,16,c02n,305,3.4,2.04,2,On-time,22,16,19,30,2023-12-21,1
9E,5114.0,JFK,0.0,39,0.0,116,16.5,16,Scattered clouds,265,6.6,6.53,0.0,53,0.0,124,15.0,16,c04d,310,11.6,6.7,1,On-time,17,26,16,5,2022-10-09,0
MQ,3392.0,ORD,0.0,73,0.0,0,7.7,16,803,210,11.2,6.07,0.0,59,0.0,0,22.4,16,Broken clouds,160,11.7,7.45,2,On-time,21,57,19,10,2022-11-05,0
B6,2516.0,JFK,0.0,54,0.0,0,9.8,16,Few clouds,75,4.4,1.5,0.0,58,0.0,0,8.3,16,c04n,210,8.4,4.09,1,Early,23,59,22,59,2022-10-08,1
MQ,3402.0,ORD,0.0,47,0.0,0,27.2,16,804,120,4.6,4.59,0.0,71,0.0,14,24.3,16,Broken clouds,290,3.97,3.97,0,Late,23,41,20,46,2023-06-24,0
B6,2516.0,JFK,0.0,93,0.0,0,16.7,16,Few clouds,195,2.23,2.23,0.0,45,0.0,0,22.2,16,c02n,230,2.8,2.4,0,Early,23,19,21,59,2023-06-01,1
MQ,3402.0,ORD,0.0,68,0.0,0,19.4,16,804,330,5.8,2.72,1.0,89,0.0,89,22.9,6,Light rain,60,2.47,2.47,1,On-time,22,28,19,39,2023-07-02,2
UA,210.0,ORD,0.0,57,0.0,0,25.9,16,Overcast clouds,210,3.7,2.85,0.0,37,0.0,300,23.0,16,c03d,315,5.6,3.1,0,Early,21,14,18,20,2023-08-01,1
B6,2516.0,JFK,0.0,78,0.0,0,6.3,16,c04n,240,6.4,4.09,0.0,85,0.0,0,0.0,16,Overcast clouds,280,8.4,5.09,1,Late,23,7,21,55,2023-01-29,1
9E,4730.0,JFK,0.0,70,0.0,167,13.6,16,c04d,115,7.2,7.2,0.0,53,0.0,197,17.8,16,c04d,190,7.6,3.1,0,Early,16,20,15,0,2022-05-03,0
B6,656.0,MCO,0.0,64,0.0,0,21.9,16,Overcast clouds,20,7.6,6.57,0.0,62,0.0,76,11.9,16,Overcast clouds,30,2.29,2.29,0,Early,19,20,16,33,2023-11-04,1
9E,5114.0,JFK,0.0,70,0.0,85,17.4,16,Overcast clouds,165,8.8,7.2,0.0,43,0.0,120,20.0,16,c04d,150,10.4,4.59,2,Early,17,26,16,5,2022-10-12,0
MQ,4203.0,ORD,0.0,51,0.0,521,20.9,16,Scattered clouds,30,10.1,6.15,0.0,61,0.0,166,22.1,16,Overcast clouds,280,10.7,6.2,1,Early,16,11,13,19,2023-08-30,0
B6,2516.0,JFK,1.0,92,0.0,0,6.1,13,r01n,60,14.9,10.3,1.0,92,4.0,0,1.1,3,Light snow,70,12.0,5.7,1,Late,23,40,22,29,2022-12-15,1
UA,1998.0,ORD,0.0,74,0.0,0,-5.6,16,Clear Sky,215,7.8,3.84,0.0,74,0.0,0,-4.4,7,Overcast clouds,315,14.0,5.25,2,Early,21,8,18,19,2023-02-17,1
B6,656.0,MCO,0.0,57,0.0,0,25.0,16,Scattered clouds,230,3.2,2.6,0.0,35,0.0,53,2.2,16,Overcast clouds,215,10.8,6.45,2,Early,18,59,16,18,2023-02-02,1
9E,5009.0,JFK,0.0,64,0.0,0,4.7,16,Scattered clouds,325,6.4,6.05,0.0,51,0.0,0,1.9,16,Overcast clouds,260,10.3,6.4,0,Early,23,57,22,30,2023-02-21,0
9E,4730.0,JFK,0.0,93,0.0,125,12.5,3,c04d,30,6.4,4.84,0.0,38,0.0,594,18.3,16,c03d,240,7.6,4.09,0,Early,16,20,15,0,2022-03-17,0
MQ,3402.0,ORD,0.0,74,0.0,0,23.2,16,Overcast clouds,35,6.4,4.34,0.0,69,0.0,54,23.6,16,c04d,305,4.1,3.84,2,Late,21,58,19,10,2023-08-04,1
B6,656.0,MCO,0.0,68,0.0,0,15.0,16,Scattered clouds,210,2.0,0.8,0.0,88,0.0,21,-1.7,14,Overcast clouds,190,2.85,2.85,0,Early,19,27,16,32,2023-12-31,0
B6,656.0,MCO,0.0,84,0.0,0,22.2,16,Overcast clouds,360,6.4,5.7,0.0,49,0.0,90,8.8,16,Overcast clouds,305,4.8,1.95,1,Early,17,56,15,15,2022-11-23,1
9E,5056.0,JFK,0.0,93,0.0,71,20.6,14,c04d,65,8.0,3.22,0.0,77,0.0,117,21.7,16,Overcast clouds,70,7.4,3.59,0,On-time,17,59,16,25,2022-09-06,0
9E,4856.0,JFK,0.0,51,0.0,126,5.8,16,804,290,5.5,3.84,0.0,81,0.0,123,1.1,3,c04d,280,7.6,2.1,0,Early,12,18,10,54,2023-12-05,0
MQ,3949.0,ORD,0.0,37,0.0,297,28.2,16,804,290,5.6,2.47,0.0,56,0.0,310,27.8,16,Overcast clouds,190,8.2,4.59,0,On-time,16,6,13,15,2023-07-09,0
B6,2516.0,JFK,1.0,91,0.0,0,3.9,16,r01n,210,7.0,3.1,0.0,64,0.0,0,7.1,16,Overcast clouds,225,9.7,5.8,0,On-time,23,31,22,20,2023-02-07,1
B6,656.0,MCO,0.0,62,0.0,0,23.0,16,Scattered clouds,80,4.4,2.6,0.0,52,0.0,25,2.5,16,Overcast clouds,50,1.8,0.75,0,Early,19,19,16,29,2023-11-08,0
MQ,3324.0,ORD,0.0,77,0.0,0,7.9,16,804,80,8.0,4.59,0.0,65,0.0,0,8.3,16,Overcast clouds,290,12.4,8.19,1,Early,21,53,18,56,2023-11-07,0
B6,656.0,MCO,0.0,49,0.0,0,15.0,16,Broken clouds,310,4.4,2.6,0.0,72,0.0,53,-1.1,13,Overcast clouds,265,11.1,7.45,1,Late,18,59,16,18,2023-01-26,1
9E,4844.0,JFK,0.0,56,0.0,22,9.1,16,804,290,5.6,5.09,0.0,75,0.0,76,3.9,16,c04d,300,8.0,6.2,0,Early,16,31,15,0,2023-12-04,0
9E,5350.0,JFK,0.0,45,0.0,877,18.7,16,Few clouds,335,6.0,4.96,0.0,57,0.0,684,13.9,16,Scattered clouds,280,6.4,2.1,0,Early,11,15,9,55,2023-05-06,0
9E,5350.0,JFK,0.0,51,0.0,408,19.8,16,Overcast clouds,190,4.8,4.43,0.0,38,0.0,723,20.6,16,c02d,255,4.0,1.2,0,Early,11,26,9,59,2023-05-28,0
UA,1503.0,ORD,0.0,74,0.0,0,20.3,16,Scattered clouds,225,1.6,1.2,0.0,52,0.0,0,26.7,16,Broken clouds,230,3.6,3.6,1,Early,23,59,21,5,2022-07-01,0
B6,656.0,MCO,0.0,46,0.0,949,30.6,16,Scattered clouds,205,5.2,2.1,0.0,66,0.0,344,3.9,14,Overcast clouds,290,8.2,5.09,1,On-time,13,56,11,11,2022-04-17,1
MQ,3324.0,ORD,0.0,46,0.0,0,11.1,16,804,200,10.1,5.7,0.0,57,0.0,0,6.1,16,Overcast clouds,140,6.8,2.6,0,On-time,21,42,18,45,2023-11-02,0
9E,4953.0,JFK,1.0,32,0.0,0,11.0,16,r01n,40,11.2,7.94,0.0,37,0.0,13,13.8,16,c02n,350,3.6,3.1,1,On-time,21,56,20,30,2022-05-08,0
9E,5090.0,JFK,0.0,61,0.0,0,11.1,16,Few clouds,225,6.8,4.84,0.0,48,0.0,0,7.2,16,c04n,245,5.8,2.04,0,Early,23,53,22,30,2022-10-20,0
UA,1046.0,ORD,0.0,66,0.0,0,22.1,16,802,195,5.2,2.22,0.0,71,0.0,0,22.2,16,Broken clouds,210,3.6,1.5,0,On-time,23,59,21,5,2022-08-18,0
UA,1998.0,ORD,0.0,53,0.0,0,21.1,16,Clear Sky,180,11.3,6.7,0.0,34,0.0,13,19.0,16,c01n,165,6.6,3.1,2,Early,21,18,18,21,2022-10-22,0
9E,5175.0,JFK,0.0,70,0.0,37,5.6,16,804,90,2.4,1.5,0.0,78,0.0,91,1.4,12,c04d,55,6.2,3.59,0,Early,16,7,14,30,2023-12-23,0
B6,2516.0,JFK,0.0,43,0.0,0,-1.3,16,c03n,330,4.09,4.09,0.0,61,0.0,0,-6.7,16,Overcast clouds,190,6.8,2.6,0,On-time,23,7,21,55,2023-02-01,0
B6,656.0,MCO,0.5,89,0.0,0,12.2,16,Overcast clouds,330,6.0,5.09,0.0,70,0.0,69,-0.4,11,Overcast clouds,270,8.1,5.09,0,Early,19,0,16,17,2022-02-08,0
9E,4730.0,JFK,0.0,47,0.0,266,13.6,16,c04d,145,6.0,5.65,0.0,49,0.0,193,10.6,16,c04d,60,6.4,5.09,2,Early,16,20,15,0,2022-04-23,0
MQ,3402.0,ORD,0.0,76,0.0,0,22.5,16,Overcast clouds,210,3.2,2.97,0.0,44,0.0,118,26.0,16,Scattered clouds,260,4.5,3.84,1,Early,21,58,19,10,2023-08-09,1
B6,2516.0,JFK,0.0,100,0.0,0,18.9,16,a05n,120,6.8,3.1,0.0,88,0.0,0,21.9,12,Overcast clouds,120,3.6,2.04,1,Late,23,2,21,37,2023-06-23,1
B6,116.0,JFK,0.0,22,0.0,782,27.8,16,c02d,270,11.3,8.8,0.0,33,0.0,828,22.8,16,Scattered clouds,270,9.0,5.09,1,Early,14,42,13,30,2023-04-12,1
9E,4844.0,JFK,0.0,75,0.0,32,3.3,16,804,270,8.7,6.2,0.0,84,0.0,90,0.6,5,c04d,60,5.8,0.75,2,On-time,16,7,14,30,2023-12-07,0
MQ,3402.0,ORD,0.0,49,0.0,0,22.8,16,Few clouds,120,3.2,1.77,0.0,54,0.0,270,24.7,16,c03d,300,10.7,7.2,2,Early,21,32,18,36,2023-07-21,0
B6,2516.0,JFK,0.0,61,0.0,0,5.0,16,c01n,10,5.2,2.1,0.0,78,0.0,0,-0.6,16,Scattered clouds,110,2.0,1.05,0,Late,23,40,22,29,2022-11-23,1
9E,5175.0,JFK,0.0,81,0.0,119,18.3,16,804,30,6.5,5.7,0.0,48,0.0,493,25.0,16,Broken clouds,340,6.4,3.47,0,Early,16,51,15,20,2023-09-30,0
MQ,3518.0,ORD,0.0,73,0.0,0,16.9,16,804,295,2.85,2.85,0.0,50,0.0,156,17.6,16,Overcast clouds,255,4.8,1.95,0,Early,20,0,17,11,2022-09-24,0
B6,2516.0,JFK,0.0,50,0.0,0,-10.0,16,c02n,270,14.9,12.4,0.0,51,0.0,0,-10.3,16,Overcast clouds,220,15.2,9.8,1,Late,23,40,22,29,2022-12-24,1
B6,2516.0,JFK,0.0,48,0.0,0,5.6,16,c02n,290,12.9,9.8,0.0,49,0.0,0,1.1,16,Overcast clouds,255,10.8,7.2,1,Late,23,40,22,29,2022-11-30,1
B6,116.0,JFK,0.0,61,0.0,89,3.9,16,c04d,20,5.5,4.59,0.0,52,0.0,312,2.3,16,Scattered clouds,60,4.6,2.85,2,Late,14,46,13,35,2022-12-10,0
9E,5175.0,JFK,0.0,67,0.0,102,20.6,16,803,200,4.8,2.6,0.0,50,0.0,141,24.4,16,Overcast clouds,215,7.8,3.34,0,Early,16,57,15,25,2023-10-27,0
9E,4730.0,JFK,0.25,86,0.0,234,11.9,11,c04d,180,18.5,14.95,0.5,58,0.0,156,20.6,16,Overcast clouds,200,19.0,10.8,1,Early,16,20,15,0,2022-03-31,2
UA,538.0,ORD,0.0,65,0.0,0,17.2,16,804,110,4.3,2.6,0.0,50,0.0,74,26.1,16,Overcast clouds,290,3.6,1.5,0,On-time,20,48,18,0,2023-09-12,0
UA,538.0,ORD,0.0,65,0.0,0,21.7,16,804,110,3.6,1.95,0.0,42,0.0,105,17.3,16,Scattered clouds,320,4.8,4.09,1,Late,20,57,18,9,2023-09-20,0
9E,5175.0,JFK,0.0,48,0.0,99,17.8,16,804,340,3.1,3.1,0.0,71,0.0,127,12.3,13,Overcast clouds,285,5.4,1.05,0,Early,16,57,15,25,2023-10-17,0
UA,1998.0,ORD,0.0,74,0.0,0,2.2,16,Overcast clouds,300,3.34,3.34,0.0,39,0.0,0,16.4,16,Broken clouds,255,8.0,3.47,2,Early,21,8,18,19,2023-02-15,0
9E,4844.0,JFK,0.0,30,0.0,28,5.4,16,804,15,4.8,4.43,0.0,38,0.0,173,2.8,16,Broken clouds,300,5.2,2.1,1,On-time,16,31,15,0,2023-11-20,0
B6,656.0,MCO,0.0,86,0.0,0,19.8,16,Scattered clouds,270,3.4,2.6,0.0,92,0.0,19,6.1,6,c04n,75,7.6,2.6,1,Late,19,27,16,32,2023-12-26,1
9E,4896.0,JFK,1.0,97,0.0,146,17.1,3,Light rain,170,8.4,7.2,0.0,42,0.0,266,22.8,16,c04d,175,9.8,5.65,1,Early,16,5,14,31,2023-05-20,0
B6,2516.0,JFK,1.0,100,0.0,0,9.0,0,r01n,230,5.6,2.1,0.0,91,0.0,0,11.1,15,c04n,265,10.3,5.15,0,Late,23,41,22,30,2022-12-31,1
9E,5090.0,JFK,0.0,83,0.0,0,10.8,16,c02n,110,2.0,1.6,0.0,87,0.0,0,8.9,10,Clear Sky,130,2.6,0.75,0,Early,23,53,22,30,2022-11-02,0
9E,5114.0,JFK,0.0,96,0.0,0,13.3,3,c04n,180,15.2,6.7,0.0,94,0.0,18,6.4,14,Overcast clouds,70,10.0,4.09,1,Early,17,48,16,30,2022-11-27,1
B6,116.0,JFK,0.0,28,0.0,273,25.0,16,c01d,320,8.2,8.19,0.0,25,0.0,408,16.7,16,Clear Sky,285,13.4,9.25,0,Early,14,46,13,35,2022-11-07,1
9E,4730.0,JFK,0.0,51,0.0,250,10.6,16,c04d,185,8.2,6.95,0.0,26,0.0,750,16.7,16,Scattered clouds,150,10.0,5.7,2,Early,16,20,15,0,2022-04-11,0
9E,5224.0,JFK,0.0,81,0.0,69,16.1,16,c04d,180,4.6,3.1,0.0,53,0.0,103,11.7,16,Overcast clouds,320,6.1,3.45,0,Early,18,11,16,45,2023-04-06,0
MQ,4203.0,ORD,0.0,46,0.0,130,26.1,16,804,10,6.1,3.6,0.0,48,0.0,319,26.7,16,Overcast clouds,50,5.6,2.6,2,On-time,17,45,14,59,2022-08-17,2
B6,2516.0,JFK,0.0,56,0.0,0,20.0,12,c04n,310,8.6,5.7,0.0,65,0.0,0,18.1,16,Overcast clouds,290,6.6,2.85,1,Late,23,2,21,37,2023-06-17,1
9E,5224.0,JFK,0.0,22,0.0,722,28.1,16,c02d,270,11.9,8.5,0.0,33,0.0,835,23.9,16,Scattered clouds,280,12.2,5.09,1,Early,15,20,13,59,2023-04-12,0
B6,656.0,MCO,0.0,42,0.0,827,28.3,16,Broken clouds,120,8.8,4.59,0.0,33,0.0,650,2.9,16,c02d,335,8.3,4.84,0,Early,13,58,11,11,2022-03-22,1
9E,5340.0,JFK,0.0,95,0.0,0,6.7,8,c04n,345,1.9,1.9,0.0,73,0.0,0,7.3,16,Overcast clouds,175,9.0,5.4,0,On-time,23,59,22,32,2023-03-25,0
B6,656.0,MCO,0.0,43,0.0,173,27.8,16,Scattered clouds,80,8.0,6.2,0.0,36,0.0,614,15.6,16,Broken clouds,320,10.3,6.7,1,On-time,19,2,16,15,2023-05-14,0
B6,116.0,JFK,0.0,43,0.0,63,1.9,16,804,235,8.9,7.2,0.0,49,0.0,127,0.0,16,c04d,210,8.8,5.09,0,Early,15,21,14,0,2023-11-29,0
UA,1998.0,ORD,0.0,58,0.0,0,15.0,16,803,165,3.6,2.4,0.0,53,0.0,53,13.7,16,Overcast clouds,295,4.4,1.95,2,On-time,21,18,18,21,2022-10-04,0
B6,16.0,JFK,0.0,75,0.0,0,2.8,16,Clear Sky,10,6.9,4.09,0.0,69,0.0,0,0.3,14,c04n,280,11.3,6.4,2,Late,22,47,21,35,2023-02-26,1
9E,4730.0,JFK,0.0,57,0.0,259,17.6,16,c04d,190,5.42,5.42,0.0,32,0.0,348,16.7,16,c04d,300,7.5,2.97,2,Early,16,25,15,10,2022-05-05,0
9E,5118.0,JFK,0.0,93,0.0,320,17.2,16,c04d,80,3.8,3.6,0.0,83,0.0,176,17.8,8,Overcast clouds,310,4.8,2.1,2,Early,15,23,13,59,2023-06-16,0
B6,2516.0,JFK,0.0,59,0.0,0,-5.0,16,Scattered clouds,340,14.9,9.5,0.0,56,0.0,0,-15.6,16,Scattered clouds,350,9.2,4.59,2,On-time,23,14,21,59,2022-01-14,1
B6,656.0,MCO,0.0,21,0.0,803,29.4,16,Scattered clouds,70,9.2,6.2,0.0,52,0.0,279,-3.3,16,c04d,225,8.0,4.47,1,On-time,14,0,11,15,2022-03-04,1
B6,116.0,JFK,0.0,44,0.0,90,4.4,16,c04d,300,9.8,8.19,0.0,66,0.0,93,1.1,16,Overcast clouds,250,11.0,6.95,1,Late,14,41,13,30,2022-12-18,1
B6,116.0,JFK,0.0,39,0.0,90,17.8,16,804,175,4.34,4.34,0.0,40,0.0,369,10.6,16,Scattered clouds,290,8.3,5.09,0,Early,15,21,14,0,2023-11-05,0
9E,5224.0,JFK,0.0,97,0.0,0,8.9,16,a05n,155,8.0,5.12,0.0,97,0.0,58,5.0,10,Fog,60,15.6,5.15,0,Early,17,59,16,30,2023-02-09,0
B6,656.0,MCO,0.0,50,0.0,669,27.8,16,Broken clouds,125,4.0,1.5,0.0,73,0.0,159,1.5,16,c04d,285,12.2,8.56,0,Early,14,0,11,15,2022-02-23,1
9E,4844.0,JFK,0.0,44,0.0,23,1.3,16,804,235,8.0,6.86,0.0,46,0.0,78,0.0,16,c04d,210,8.0,4.59,0,On-time,16,31,15,0,2023-11-29,0
B6,116.0,JFK,4.0,100,0.0,42,12.2,2,500,190,14.9,7.2,2.0,82,0.0,88,6.7,4,r01d,290,8.0,2.6,0,Late,15,21,14,0,2023-12-10,1
B6,16.0,JFK,0.0,68,0.0,0,7.2,16,c03n,110,2.5,1.7,0.0,58,0.0,0,1.1,16,Broken clouds,130,3.0,0.37,0,Early,22,38,21,20,2023-03-24,0
B6,2516.0,JFK,0.0,79,0.0,0,3.9,16,c04n,30,8.6,7.07,0.0,71,0.0,0,-1.0,16,Broken clouds,90,2.9,0.52,1,Late,23,31,22,20,2023-02-12,1
9E,5224.0,JFK,0.0,54,0.0,0,9.4,16,c02n,315,11.0,7.45,0.0,96,0.0,29,3.3,2,a03n,270,9.2,4.84,1,Early,18,1,16,35,2023-01-18,1
UA,538.0,ORD,12.0,69,0.0,0,19.7,16,202,170,6.95,6.95,0.0,50,0.0,67,17.9,16,Overcast clouds,280,9.3,5.42,1,On-time,20,57,18,9,2023-09-19,0
9E,5036.0,JFK,0.0,85,0.0,0,21.5,16,Scattered clouds,200,5.6,3.1,0.0,70,0.0,0,21.1,16,Overcast clouds,100,6.4,3.1,0,Early,23,37,22,0,2022-06-30,0
B6,2516.0,JFK,0.0,27,0.0,0,11.5,16,Broken clouds,10,7.6,5.5,0.0,54,0.0,0,4.4,16,c02n,330,3.2,2.1,0,On-time,23,19,21,59,2023-05-17,0
MQ,3473.0,ORD,0.0,69,0.0,0,8.9,16,Broken clouds,175,5.5,2.6,0.0,84,0.0,90,0.6,5,c04d,60,5.8,0.75,0,Early,17,18,14,26,2023-12-07,0
9E,4976.0,JFK,0.0,87,0.0,39,17.1,16,c04n,130,4.6,2.23,0.0,34,0.0,223,23.3,16,Broken clouds,200,9.3,4.59,0,Early,17,26,16,5,2022-11-04,0
B6,656.0,MCO,0.0,49,0.0,874,31.1,16,Scattered clouds,180,8.8,6.2,0.0,58,0.0,626,14.3,16,c02d,135,5.0,2.85,1,Late,13,58,11,11,2022-03-18,0
MQ,3911.0,ORD,0.0,47,0.0,0,24.9,16,804,110,2.8,2.47,0.0,78,0.0,167,22.8,16,Overcast clouds,290,8.4,5.25,1,Late,20,0,17,13,2022-08-23,1
9E,4953.0,JFK,0.0,56,0.0,0,11.9,16,c03n,190,12.4,9.4,0.0,52,0.0,0,11.1,16,Overcast clouds,75,10.6,1.05,0,On-time,21,56,20,30,2022-04-15,0
B6,2516.0,JFK,0.0,90,0.0,0,17.6,16,Clear Sky,105,5.6,1.2,0.0,45,0.0,0,13.6,16,Scattered clouds,255,3.7,2.22,0,Late,23,7,21,45,2022-06-04,1
9E,5118.0,JFK,0.0,87,0.0,159,25.3,16,c04d,170,12.8,8.8,0.0,54,0.0,333,30.2,16,c04d,160,11.8,6.03,0,On-time,16,3,14,29,2023-08-07,1
B6,656.0,MCO,0.0,49,0.0,648,30.0,16,Broken clouds,240,8.8,6.7,0.0,71,0.0,154,-5.6,3,Overcast clouds,300,11.3,8.1,2,Late,14,0,11,15,2022-02-18,1
MQ,4203.0,ORD,0.0,46,0.0,575,27.5,16,Scattered clouds,220,9.3,5.4,1.0,75,0.0,162,22.8,2,Light rain,270,6.7,4.09,1,On-time,16,11,13,19,2023-08-16,2
B6,656.0,MCO,0.0,77,0.0,0,14.4,16,Overcast clouds,10,9.6,6.2,0.0,73,0.0,63,-16.7,0,Haze,300,14.4,9.3,2,On-time,18,59,16,18,2023-02-03,1
9E,4896.0,JFK,0.0,51,0.0,456,20.2,16,Broken clouds,170,7.6,5.7,0.0,28,0.0,704,28.2,16,c03d,320,7.2,3.6,1,Early,17,20,15,40,2023-05-28,0
9E,5090.0,JFK,0.0,96,0.0,0,16.7,7,Overcast clouds,360,6.0,2.85,0.0,80,0.0,0,15.0,16,c03n,90,5.2,3.35,1,Late,23,53,22,30,2022-10-24,1
B6,2516.0,JFK,0.0,44,0.0,0,22.8,16,c02n,350,4.4,2.6,0.0,67,0.0,0,18.1,16,c03n,190,1.6,0.7,2,Late,23,2,21,39,2023-07-30,0
9E,5118.0,JFK,0.0,44,0.0,584,31.4,16,803,300,6.8,6.32,0.0,53,0.0,340,24.7,16,Overcast clouds,265,9.6,4.34,0,Early,16,3,14,29,2023-08-13,0
9E,5118.0,JFK,0.0,75,0.0,274,28.0,16,c04d,170,9.6,6.45,0.0,60,0.0,777,30.0,16,c03d,65,6.2,2.29,0,Late,16,4,14,29,2023-07-15,0
UA,1503.0,ORD,0.5,65,0.0,0,25.9,16,804,185,10.2,3.0,0.0,52,0.0,0,26.1,16,c04n,150,3.1,3.1,1,Early,23,59,21,5,2022-07-22,0
MQ,3963.0,ORD,0.0,42,0.0,68,16.0,16,804,190,6.0,2.72,0.0,41,0.0,437,10.6,16,Scattered clouds,300,9.6,5.92,1,Early,16,1,13,15,2023-11-05,0
9E,4953.0,JFK,0.0,79,0.0,0,12.9,16,c02n,100,4.8,1.65,0.0,27,0.0,18,20.6,16,c02n,335,3.0,2.04,0,Early,21,56,20,30,2022-05-11,0
B6,2516.0,JFK,0.0,76,0.0,0,11.1,16,Scattered clouds,170,6.7,3.93,0.0,36,0.0,0,13.3,16,c04n,120,6.8,1.5,2,Early,23,19,21,59,2023-05-18,0
B6,2516.0,JFK,0.0,43,0.0,0,-10.6,16,Few clouds,355,7.69,7.69,0.0,67,0.0,0,-18.3,16,Scattered clouds,190,1.6,0.4,1,Late,23,14,21,59,2022-01-15,1
MQ,4203.0,ORD,1.0,69,0.0,110,22.5,15,500,80,6.4,2.6,0.0,41,0.0,737,20.4,16,Scattered clouds,340,5.3,2.7,0,Early,16,9,13,21,2023-09-21,2
9E,4856.0,JFK,0.0,50,0.0,377,6.7,16,803,185,5.2,3.1,0.0,57,0.0,138,3.3,16,Overcast clouds,145,4.4,1.2,0,Early,12,18,10,54,2023-11-12,0
B6,2516.0,JFK,0.0,73,0.0,0,25.6,16,803,270,3.1,3.1,0.0,70,0.0,0,24.5,16,Overcast clouds,220,2.7,2.1,2,Late,23,3,21,40,2023-09-03,1
B6,16.0,JFK,1.0,95,8.0,0,0.6,2,Light snow,100,10.4,8.8,1.0,89,17.0,0,-1.3,3,s01n,80,13.8,5.3,1,Early,22,47,21,35,2023-02-27,1
B6,116.0,JFK,0.0,43,0.0,406,15.6,16,Broken clouds,200,3.1,2.6,0.0,25,0.0,389,18.6,16,c03d,90,6.2,2.2,1,Early,14,41,13,30,2022-10-30,0
9E,4976.0,JFK,0.0,100,0.0,47,13.0,16,Fog,10,7.1,4.59,0.0,32,0.0,363,20.4,16,c01d,315,6.7,5.3,0,Early,17,51,16,17,2022-10-05,0
B6,656.0,MCO,0.0,63,0.0,0,23.3,16,Broken clouds,360,2.6,2.6,0.0,85,0.0,80,5.0,16,Overcast clouds,310,6.6,3.72,2,Late,17,56,15,15,2022-12-08,1
B6,656.0,MCO,0.0,47,0.0,0,10.0,16,Overcast clouds,355,3.1,3.1,0.0,56,0.0,48,-4.8,16,Overcast clouds,200,5.3,4.97,1,Late,18,28,15,45,2022-12-26,1
9E,4844.0,JFK,0.0,44,0.0,36,16.1,16,803,355,3.26,3.26,0.0,35,0.0,238,10.6,16,Scattered clouds,290,8.2,5.7,0,Early,16,31,15,0,2023-11-05,0
9E,5224.0,JFK,0.0,71,0.0,338,12.8,16,Overcast clouds,150,6.1,4.09,0.0,28,0.0,391,13.9,16,Overcast clouds,180,4.0,0.0,0,On-time,15,20,13,59,2023-04-27,0
9E,4844.0,JFK,0.0,70,0.0,19,12.0,16,804,330,5.4,4.59,0.0,85,0.0,81,6.7,2,Haze,80,2.8,1.5,0,On-time,16,31,15,0,2023-11-22,0
MQ,3949.0,ORD,0.0,64,0.0,216,25.4,16,Overcast clouds,220,5.6,2.85,0.0,50,0.0,362,27.4,16,Overcast clouds,265,8.3,6.17,0,On-time,16,5,13,15,2023-08-09,1
9E,4953.0,JFK,0.0,15,0.0,0,14.4,16,c02n,35,14.4,10.42,0.0,34,0.0,15,16.7,16,c02n,30,4.2,3.1,1,On-time,21,56,20,30,2022-05-09,0
B6,16.0,JFK,0.0,63,0.0,0,1.7,16,Overcast clouds,300,17.5,12.4,0.0,94,0.0,0,-1.1,3,c04n,300,10.9,6.86,1,Late,22,38,21,20,2023-03-14,1
MQ,3518.0,ORD,0.0,59,0.0,0,13.5,16,802,105,5.2,2.97,0.0,80,0.0,109,14.4,16,Overcast clouds,310,12.0,5.92,0,Early,20,0,17,11,2022-09-22,1
9E,5090.0,JFK,0.0,62,0.0,0,13.8,16,Overcast clouds,230,2.6,2.6,0.0,61,0.0,0,9.8,16,c02n,135,5.8,2.85,0,Early,23,53,22,30,2022-10-16,0
B6,116.0,JFK,0.0,49,0.0,480,16.1,16,800,340,6.4,4.09,0.0,53,0.0,506,11.1,16,Broken clouds,275,7.6,3.1,0,Late,14,39,13,30,2023-10-23,1
B6,656.0,MCO,0.0,53,0.0,161,29.4,16,Broken clouds,340,4.09,4.09,0.0,30,0.0,672,9.8,16,c02d,325,10.7,7.32,2,Late,19,2,16,15,2023-05-17,1
B6,56.0,MCO,0.0,44,0.0,702,27.2,16,Broken clouds,250,16.5,10.8,1.0,96,0.0,182,10.7,10,Light rain,75,9.8,5.42,1,On-time,16,0,13,15,2023-04-30,1
B6,656.0,MCO,0.0,64,0.0,0,20.6,16,Scattered clouds,75,4.8,3.1,0.0,62,0.0,60,8.1,16,c04d,165,7.4,3.7,1,Late,18,28,15,45,2022-12-29,1
9E,5183.0,JFK,0.0,46,0.0,400,5.0,16,802,350,10.9,8.19,0.0,60,0.0,343,-2.2,16,c02d,350,6.8,3.1,1,Early,12,27,10,56,2023-12-21,0
9E,5224.0,JFK,0.0,89,0.0,0,6.0,16,c02n,195,5.6,2.02,1.0,79,17.0,44,-1.3,6,Light snow,270,3.4,1.4,1,Early,18,1,16,35,2023-01-30,0
B6,56.0,MCO,0.0,37,0.0,341,26.1,16,Overcast clouds,80,12.9,9.3,0.0,23,0.0,204,21.1,16,Overcast clouds,240,12.8,8.72,2,Late,16,0,13,15,2023-04-11,1
MQ,4203.0,ORD,0.0,66,0.0,120,24.4,16,804,50,6.7,4.09,0.0,60,0.0,300,28.9,16,Overcast clouds,200,10.8,2.6,1,On-time,17,45,14,59,2022-08-21,1
MQ,4203.0,ORD,0.0,60,0.0,90,25.0,16,804,40,5.7,4.59,0.0,76,0.0,144,22.2,16,Overcast clouds,40,7.6,3.6,0,Early,17,45,14,59,2022-09-06,1
B6,656.0,MCO,0.0,76,0.0,0,16.4,16,Overcast clouds,185,6.45,6.45,0.0,70,0.0,17,1.9,16,c04n,260,4.0,2.6,2,Early,19,26,16,32,2023-12-20,0
B6,2516.0,JFK,0.0,68,0.0,0,10.6,16,802,315,8.8,6.2,0.0,86,0.0,0,9.4,16,Overcast clouds,320,5.6,2.1,0,Early,23,15,21,55,2023-10-15,1
B6,2516.0,JFK,0.0,55,0.0,0,12.6,16,804,265,12.1,8.06,0.0,74,0.0,0,9.4,16,Overcast clouds,240,12.9,9.8,0,Early,23,15,21,55,2023-10-08,1
9E,5350.0,JFK,0.0,88,0.0,163,16.6,10,c04d,140,6.5,3.6,0.0,44,0.0,608,22.8,16,Scattered clouds,205,6.4,2.4,1,On-time,11,15,9,55,2023-04-15,0
B6,656.0,MCO,0.0,88,0.0,0,17.3,13,Overcast clouds,35,5.4,5.4,0.0,60,0.0,25,-0.3,16,c04n,70,2.8,2.6,1,Late,19,26,16,32,2023-12-22,1
B6,656.0,MCO,0.0,64,0.0,0,25.6,16,Overcast clouds,200,10.8,4.09,0.0,60,0.0,69,0.1,16,Overcast clouds,240,5.6,4.72,0,Late,19,1,16,20,2023-02-11,1
MQ,3392.0,ORD,0.0,47,0.0,0,5.7,16,801,215,4.2,2.97,0.0,43,0.0,13,6.7,16,Overcast clouds,150,3.8,2.1,0,Early,19,27,16,40,2022-11-22,0
9E,5183.0,JFK,0.0,55,0.0,150,5.8,16,804,90,3.0,2.47,0.0,61,0.0,119,1.7,16,c04d,70,7.2,2.1,0,Early,12,27,10,56,2023-12-23,0
UA,1503.0,ORD,0.0,61,0.0,0,25.7,16,802,290,6.0,4.34,0.0,54,0.0,0,27.2,16,c03n,240,4.8,3.6,1,Early,23,59,21,5,2022-07-21,0
9E,4856.0,JFK,0.0,62,0.0,178,5.7,16,804,310,13.7,9.17,0.0,78,0.0,121,3.3,14,c04d,260,15.1,6.7,0,Late,12,30,10,59,2023-12-11,0
MQ,4203.0,ORD,0.0,61,0.0,178,3.0,16,804,65,11.1,5.15,0.0,51,0.0,268,4.7,16,c04d,290,13.7,9.5,1,Early,16,21,13,35,2022-04-27,0
9E,5118.0,JFK,0.0,53,0.0,605,26.9,16,c03d,180,6.8,5.7,0.0,46,0.0,761,26.9,16,c03d,95,3.6,2.6,0,Early,16,4,14,29,2023-08-06,0
B6,2516.0,JFK,0.0,67,0.0,0,4.8,16,c03n,300,6.8,6.45,0.0,75,0.0,0,3.3,14,c04n,250,7.6,4.09,1,Late,23,7,21,55,2023-01-06,1
B6,2516.0,JFK,0.0,49,0.0,0,-1.1,16,c04n,230,6.0,5.4,0.0,44,0.0,0,-1.7,16,Overcast clouds,220,8.8,4.59,2,Early,23,14,21,59,2022-01-27,0
MQ,4203.0,ORD,0.0,47,0.0,243,24.1,16,Overcast clouds,310,12.9,7.25,0.0,55,0.0,349,27.4,16,Overcast clouds,175,9.8,5.82,1,Late,16,11,13,19,2023-08-17,0
9E,5350.0,JFK,0.0,41,0.0,351,16.3,16,c04d,230,7.4,5.46,0.0,26,0.0,261,18.3,16,Overcast clouds,260,11.8,7.7,1,Late,11,15,9,55,2023-04-11,0
B6,2516.0,JFK,0.0,78,0.0,0,9.2,16,802,45,4.0,1.7,0.0,79,0.0,0,5.0,16,Broken clouds,100,2.8,2.1,1,Early,23,15,21,55,2023-10-23,0
MQ,4203.0,ORD,0.0,63,0.0,163,11.7,16,804,195,5.3,3.1,0.5,94,0.0,182,11.1,9,c04d,345,5.16,5.16,0,Late,16,21,13,35,2022-05-02,2
B6,2516.0,JFK,0.0,70,0.0,0,3.9,16,Overcast clouds,345,8.8,6.7,0.0,87,0.0,0,-5.9,15,Overcast clouds,230,9.6,2.76,2,Late,22,59,21,45,2022-01-02,1
UA,538.0,ORD,0.0,78,0.0,0,17.2,16,804,215,2.8,0.52,0.0,46,0.0,123,20.7,16,Scattered clouds,290,6.8,4.34,0,Late,20,57,18,9,2023-09-16,1
9E,5350.0,JFK,3.0,96,0.0,134,16.7,7,Light rain,100,7.2,3.43,0.0,52,0.0,316,19.4,16,c04d,140,12.4,6.7,0,On-time,11,26,9,59,2023-05-20,0
MQ,4203.0,ORD,0.0,64,0.0,158,22.8,16,804,80,7.5,4.59,0.0,55,0.0,295,20.0,16,Overcast clouds,125,8.9,3.1,0,Late,16,9,13,21,2023-09-25,0
MQ,3392.0,ORD,0.0,72,0.0,0,2.2,16,804,55,6.6,4.97,0.0,87,0.0,9,4.4,16,Overcast clouds,310,5.7,3.6,0,Early,19,33,16,45,2022-12-08,0
9E,5036.0,JFK,0.75,89,0.0,0,20.0,16,Light rain,145,4.8,2.76,0.0,93,0.0,0,18.3,16,Overcast clouds,210,6.4,2.6,2,Late,23,37,22,0,2022-06-12,0
B6,2516.0,JFK,0.0,70,0.0,0,13.1,16,803,355,6.4,4.76,0.0,71,0.0,0,11.7,16,Overcast clouds,330,5.6,4.09,1,Late,23,15,21,55,2023-10-16,1
MQ,3392.0,ORD,0.0,49,0.0,0,19.4,16,804,175,11.2,6.36,0.0,34,0.0,134,20.9,16,Clear Sky,235,3.9,2.97,0,Early,19,27,16,40,2022-11-03,0
B6,656.0,MCO,8.0,71,0.0,0,26.1,16,Heavy rain,150,4.0,1.6,0.0,47,0.0,64,11.5,16,Overcast clouds,20,5.8,2.47,2,Early,17,56,15,15,2022-11-24,1
9E,5009.0,JFK,4.0,92,0.0,0,5.6,6,Light rain,90,16.6,10.7,3.0,92,45.0,0,0.0,1,s02n,80,11.8,6.7,1,On-time,23,57,22,30,2023-03-03,1
MQ,4203.0,ORD,0.0,28,0.0,442,25.9,16,802,170,3.9,1.8,0.0,45,0.0,707,20.9,16,Broken clouds,95,8.0,2.7,2,On-time,16,9,13,21,2023-09-15,0
MQ,3949.0,ORD,0.0,51,0.0,290,26.9,16,804,60,5.6,4.47,0.0,69,0.0,161,26.7,16,Overcast clouds,310,12.3,4.09,0,Early,16,6,13,15,2023-07-07,1
9E,5009.0,JFK,0.0,56,0.0,0,-0.6,16,c04n,40,7.6,5.09,0.0,61,0.0,0,-7.2,16,Overcast clouds,95,2.6,1.5,1,Late,23,54,22,30,2023-01-31,0
9E,5224.0,JFK,0.0,96,0.0,165,11.1,9,Overcast clouds,90,14.4,9.3,0.0,74,0.0,208,12.2,8,Overcast clouds,110,9.3,6.2,0,Late,15,20,13,59,2023-04-29,0
B6,16.0,JFK,0.0,78,0.0,0,3.3,16,Scattered clouds,310,5.8,4.59,0.0,64,0.0,0,2.2,16,c04n,260,6.8,5.4,1,Late,22,47,21,35,2023-02-28,1
MQ,4203.0,ORD,0.0,36,0.0,130,27.8,16,804,270,8.8,4.09,0.0,45,0.0,317,27.8,16,Overcast clouds,290,8.8,5.7,2,On-time,17,45,14,59,2022-08-18,1
B6,2516.0,JFK,0.0,96,0.0,0,21.8,12,Overcast clouds,165,6.8,5.7,0.0,93,0.0,0,18.9,16,Overcast clouds,90,4.8,3.1,1,Late,23,59,22,59,2022-09-11,1
B6,116.0,JFK,3.0,74,0.0,46,6.8,16,500,120,11.2,7.57,2.0,76,4.0,88,1.1,6,Mix snow/rain,90,10.9,5.65,1,Late,15,35,14,15,2023-11-21,1
9E,5090.0,JFK,4.0,91,0.0,0,5.6,16,r01n,40,11.8,7.2,0.0,85,0.0,0,0.0,10,Overcast clouds,80,7.6,5.7,2,On-time,23,45,22,30,2022-11-15,1
UA,1998.0,ORD,0.0,51,0.0,0,8.1,16,Scattered clouds,275,10.6,5.09,0.0,75,0.0,0,1.7,16,c04n,80,10.1,4.97,0,Early,21,8,18,19,2023-03-01,0
9E,4730.0,JFK,0.0,92,0.0,147,7.8,13,c04d,20,8.1,6.7,0.0,61,0.0,677,12.8,16,Scattered clouds,70,9.6,5.7,2,On-time,16,20,15,0,2022-03-24,0
B6,656.0,MCO,0.0,44,0.0,905,18.3,16,Scattered clouds,20,9.3,6.2,0.0,56,0.0,495,-5.4,16,c03d,260,11.4,6.95,2,On-time,13,58,11,11,2022-03-13,1
9E,5224.0,JFK,0.0,37,0.0,723,21.4,16,Broken clouds,265,5.6,4.09,0.0,35,0.0,833,20.0,16,Broken clouds,290,7.7,4.59,2,Early,15,20,13,59,2023-05-06,0
9E,5183.0,JFK,2.0,100,0.0,98,10.6,4,500,310,14.4,8.8,2.0,85,0.0,102,6.7,10,r01d,260,12.4,6.7,2,Early,12,27,10,56,2023-12-18,0
B6,2516.0,JFK,0.0,93,0.0,0,21.7,11,c04n,140,10.4,5.7,6.0,86,0.0,0,19.8,13,Moderate rain,340,8.6,0.7,2,On-time,23,2,21,37,2023-06-26,1
9E,4844.0,JFK,0.0,35,0.0,26,10.0,16,802,325,8.8,7.9,0.0,43,0.0,177,6.7,16,Broken clouds,300,9.2,3.6,0,On-time,16,31,15,0,2023-11-18,0
B6,56.0,MCO,0.0,36,0.0,674,31.7,16,Broken clouds,260,4.4,1.5,0.0,27,0.0,838,7.1,16,Scattered clouds,290,6.9,2.1,1,Early,16,0,13,15,2023-04-08,1
9E,4730.0,JFK,0.0,52,0.0,553,28.9,16,Broken clouds,190,6.57,6.57,0.0,40,0.0,730,31.0,16,Broken clouds,280,8.6,7.32,2,Early,16,25,15,10,2022-05-31,0
9E,5224.0,JFK,0.0,100,0.0,74,8.9,2,a05d,75,7.9,5.15,1.0,51,0.0,417,22.2,16,Light rain,170,17.0,13.4,1,Early,18,16,16,50,2023-04-05,0
9E,5114.0,JFK,0.0,96,0.0,0,19.4,5,c04n,160,12.9,9.8,2.0,89,0.0,18,16.7,8,Light rain,80,15.0,4.34,1,Early,17,48,16,30,2022-11-11,1
9E,5009.0,JFK,0.0,57,0.0,0,-2.5,16,c02n,220,11.8,9.8,0.0,54,0.0,0,-7.5,16,Overcast clouds,120,13.0,3.34,0,On-time,23,54,22,30,2023-02-04,0
MQ,3545.0,ORD,0.0,75,0.0,0,18.9,16,802,110,3.2,0.75,2.0,88,0.0,0,19.3,10,Light rain,230,7.8,3.1,1,Late,23,11,20,20,2022-09-19,1
B6,16.0,JFK,0.0,89,0.0,0,9.4,16,c04n,180,6.9,6.7,0.0,40,0.0,0,12.4,16,Overcast clouds,185,5.7,3.07,1,On-time,22,38,21,20,2023-03-22,1
B6,2516.0,JFK,0.0,82,0.0,0,3.3,16,c04n,360,2.9,2.1,0.0,43,0.0,0,5.6,16,Overcast clouds,155,9.3,4.84,1,Late,23,40,22,29,2022-12-05,1
B6,2516.0,JFK,0.0,44,0.0,0,-3.6,16,Scattered clouds,275,11.3,8.5,0.5,91,15.0,0,-8.9,1,Light snow,320,10.3,7.2,1,Late,23,14,21,59,2022-01-10,1
9E,5114.0,JFK,0.0,44,0.0,0,5.0,16,c04n,280,10.3,6.7,0.0,70,0.0,32,1.6,16,Overcast clouds,265,4.72,4.72,0,On-time,17,48,16,20,2022-12-17,0
MQ,3545.0,ORD,0.0,56,0.0,0,14.4,16,804,185,4.2,3.1,0.0,66,0.0,0,9.8,16,Overcast clouds,245,6.3,3.85,2,Early,23,11,20,20,2022-09-23,0
MQ,3324.0,ORD,0.0,56,0.0,0,10.0,16,Scattered clouds,270,4.5,3.1,0.0,82,0.0,15,11.3,16,Overcast clouds,165,4.4,2.22,0,Early,21,42,18,45,2023-10-07,2
MQ,3392.0,ORD,0.0,78,0.0,0,3.3,16,804,350,2.6,2.6,1.0,95,15.0,8,0.0,2,Light snow,80,4.9,2.76,2,Early,19,33,16,45,2022-12-11,1
MQ,3963.0,ORD,0.0,39,0.0,47,13.0,16,801,185,8.8,6.3,0.0,54,0.0,180,4.0,16,Overcast clouds,235,5.5,0.37,0,Early,16,1,13,15,2023-11-12,0
MQ,3911.0,ORD,0.0,55,0.0,0,25.8,16,801,245,4.0,2.97,0.0,40,0.0,159,25.8,16,Overcast clouds,255,9.4,9.27,0,Late,20,0,17,13,2022-08-31,1
B6,2516.0,JFK,0.0,80,0.0,0,15.0,16,Overcast clouds,40,10.4,7.82,0.0,76,0.0,0,11.1,16,Broken clouds,340,5.6,2.6,1,On-time,23,59,22,59,2022-10-01,1
9E,5036.0,JFK,0.0,78,0.0,0,22.2,16,Broken clouds,325,3.4,2.43,0.0,57,0.0,0,17.8,16,Overcast clouds,280,5.2,4.09,2,Early,23,37,22,0,2022-06-27,0
B6,116.0,JFK,0.0,39,0.0,207,6.1,16,c02d,300,13.9,10.3,0.0,51,0.0,114,2.2,16,Overcast clouds,260,15.7,12.1,1,Late,14,46,13,35,2022-12-01,1
9E,5118.0,JFK,0.0,50,0.0,681,28.6,16,c02d,180,5.25,5.25,0.0,37,0.0,859,29.1,16,c02d,250,6.4,3.84,0,Late,16,4,14,29,2023-07-23,0
UA,1998.0,ORD,0.0,57,0.0,0,9.4,16,Overcast clouds,220,9.2,4.59,0.0,58,0.0,34,13.2,16,c03n,330,9.3,5.3,0,Early,21,18,18,21,2022-10-15,0
B6,656.0,MCO,0.0,96,0.0,0,18.9,5,Overcast clouds,50,9.2,5.09,0.0,60,0.0,129,-0.1,16,Few clouds,265,6.1,2.97,1,Late,17,56,15,15,2022-12-13,1
UA,538.0,ORD,0.0,65,0.0,0,17.2,16,800,120,3.6,2.1,0.0,55,0.0,76,16.7,16,Overcast clouds,290,8.0,4.59,0,Late,20,48,18,0,2023-09-14,0
B6,656.0,MCO,0.0,45,0.0,679,28.9,16,Broken clouds,215,5.2,1.6,0.875,83,21.875,162,-4.8,1,s01d,120,6.5,4.19,2,On-time,14,0,11,15,2022-02-25,1
B6,2516.0,JFK,0.0,96,0.0,0,21.1,14,801,280,5.2,4.09,0.0,88,0.0,0,19.0,14,Broken clouds,250,6.5,3.97,1,Late,23,3,21,40,2023-08-10,1
B6,2516.0,JFK,0.0,71,0.0,0,12.6,16,801,290,11.8,7.86,0.0,79,0.0,0,10.6,16,Broken clouds,230,7.6,3.1,1,Late,23,20,22,0,2023-10-07,1
B6,2516.0,JFK,0.0,65,0.0,0,7.2,16,c02n,250,6.7,3.1,0.0,70,0.0,0,1.7,16,Scattered clouds,200,6.0,3.8,2,Late,23,40,22,29,2022-11-26,1
MQ,3518.0,ORD,0.0,53,0.0,0,12.1,16,804,335,8.4,4.5,1.0,86,0.0,83,13.3,3,Light rain,320,8.2,2.1,2,On-time,20,0,17,11,2022-09-27,2
B6,116.0,JFK,0.0,93,0.0,88,7.0,16,c04d,60,9.3,4.59,0.0,73,0.0,112,2.8,16,Overcast clouds,110,10.0,4.96,1,On-time,14,41,13,30,2022-12-22,1
B6,2516.0,JFK,0.0,100,0.0,0,23.9,16,a05n,210,3.2,1.5,0.0,76,0.0,0,22.5,16,c04n,220,1.4,0.64,2,On-time,23,2,21,39,2023-07-16,1
9E,5090.0,JFK,0.0,67,0.0,0,27.8,16,Overcast clouds,265,6.2,5.63,0.0,64,0.0,0,23.9,16,c04n,230,4.59,4.59,2,Early,23,37,22,0,2022-07-28,0
9E,5183.0,JFK,0.0,45,0.0,247,10.6,16,804,20,7.3,3.34,0.0,69,0.0,135,3.9,10,Overcast clouds,70,4.4,3.6,0,Early,12,19,10,59,2023-10-31,0
B6,2516.0,JFK,0.0,74,0.0,0,15.6,16,c04n,70,1.5,1.5,0.0,80,0.0,0,6.4,16,Overcast clouds,235,6.8,4.09,2,Early,23,40,22,29,2022-11-12,1
B6,2516.0,JFK,0.0,52,0.0,0,-3.3,16,Scattered clouds,300,10.1,9.0,0.0,76,0.0,0,-8.9,13,Overcast clouds,300,11.6,8.19,1,On-time,23,14,21,59,2022-01-07,1
B6,2516.0,JFK,0.0,46,0.0,0,22.8,16,802,290,6.4,5.7,0.0,86,0.0,0,15.6,11,Overcast clouds,255,10.5,6.7,1,Late,23,3,21,40,2023-08-18,1
9E,5118.0,JFK,0.0,61,0.0,162,22.1,16,c04d,70,9.0,4.47,0.0,45,0.0,842,26.1,16,Broken clouds,30,7.2,4.59,2,Early,15,23,13,59,2023-06-22,0
B6,116.0,JFK,0.0,50,0.0,324,21.7,16,c04d,170,11.8,4.09,0.0,24,0.0,836,28.1,16,Scattered clouds,240,4.2,1.3,0,Early,14,42,13,30,2023-04-14,1
MQ,3324.0,ORD,2.0,81,2.0,0,2.2,4,Snow,330,11.8,6.95,0.0,72,0.0,0,4.2,16,Overcast clouds,95,3.35,3.35,1,Late,21,28,18,30,2023-10-31,1
9E,5090.0,JFK,0.0,93,0.0,0,15.0,16,c04n,150,4.8,2.7,0.0,60,0.0,0,15.0,16,Broken clouds,195,10.6,4.34,1,On-time,23,45,22,30,2022-11-10,0
9E,4844.0,JFK,0.0,73,0.0,34,10.2,16,803,155,4.0,2.76,0.0,53,0.0,94,10.0,16,Overcast clouds,60,9.2,3.1,0,Early,16,31,15,0,2023-11-06,0
9E,4988.0,JFK,0.0,89,0.0,0,17.2,16,803,270,7.2,5.17,0.0,80,0.0,0,16.4,16,Overcast clouds,260,6.8,3.84,1,Early,23,59,22,33,2023-09-18,0
MQ,4203.0,ORD,0.0,51,0.0,251,5.3,16,Overcast clouds,60,8.5,4.84,0.0,45,0.0,383,5.8,16,Overcast clouds,300,10.8,6.95,0,On-time,16,21,13,35,2022-04-17,0
9E,5036.0,JFK,0.0,79,0.0,0,18.0,16,Overcast clouds,200,3.8,2.06,0.0,51,0.0,0,16.1,16,Broken clouds,225,2.4,0.8,0,On-time,23,37,22,0,2022-06-20,0
9E,4981.0,JFK,0.0,53,0.0,279,25.3,16,Scattered clouds,190,7.4,6.67,0.0,41,0.0,524,28.2,16,Broken clouds,210,5.6,0.89,0,Early,18,30,16,50,2022-06-30,0
B6,656.0,MCO,0.0,28,0.0,791,23.9,16,Scattered clouds,325,6.8,4.34,0.0,31,0.0,457,12.6,16,c02d,190,8.6,3.97,1,On-time,13,32,10,50,2022-10-21,0
MQ,3402.0,ORD,0.0,75,0.0,0,12.3,16,804,20,9.0,6.45,0.0,51,0.0,90,21.4,16,Overcast clouds,310,3.6,3.6,2,Late,22,28,19,39,2023-06-15,0
9E,5009.0,JFK,0.0,97,0.0,0,5.3,16,a05n,320,6.4,3.59,0.0,100,0.0,0,0.6,16,a05n,80,7.4,3.6,1,Late,23,54,22,30,2023-01-19,0
B6,656.0,MCO,0.0,45,0.0,0,13.9,16,Scattered clouds,360,4.09,4.09,0.0,37,0.0,55,9.3,16,Overcast clouds,195,9.5,3.87,1,Early,19,0,16,17,2022-02-09,0
MQ,3324.0,ORD,0.0,46,0.0,0,8.8,16,802,190,8.0,2.72,0.0,66,0.0,0,3.9,16,Overcast clouds,250,2.8,2.1,2,Early,21,53,18,56,2023-11-14,0
9E,4953.0,JFK,1.0,75,0.0,0,9.2,16,r01n,200,7.6,7.45,0.5,38,0.0,0,16.1,16,Overcast clouds,190,10.8,6.15,0,On-time,21,56,20,30,2022-04-11,0
9E,5009.0,JFK,0.0,64,0.0,0,2.1,16,c02n,235,6.8,4.34,0.0,74,0.0,0,-2.3,16,Broken clouds,175,4.4,2.0,0,Late,23,57,22,30,2023-02-18,0
B6,2516.0,JFK,0.0,62,0.0,0,4.4,16,c03n,250,10.3,7.2,0.0,45,0.0,0,5.6,16,Overcast clouds,260,12.9,8.25,1,On-time,23,40,22,29,2022-11-21,1
B6,656.0,MCO,0.0,40,0.0,405,30.6,16,Overcast clouds,300,7.6,3.6,0.0,55,0.0,177,4.3,16,c04d,290,15.7,8.35,0,Early,13,56,11,11,2022-04-27,1
B6,2516.0,JFK,0.0,77,0.0,0,11.7,16,Clear Sky,235,5.2,3.72,0.0,32,0.0,0,13.3,16,c02n,170,10.8,4.59,1,Early,23,59,22,59,2022-10-21,1
9E,4844.0,JFK,0.0,100,0.0,31,12.2,2,741,180,14.9,7.2,1.0,85,0.0,90,6.7,5,r01d,300,7.6,2.1,2,Early,16,7,14,30,2023-12-10,0
B6,2516.0,JFK,0.0,82,0.0,0,13.3,16,Broken clouds,145,5.5,4.76,0.0,48,0.0,0,20.6,16,c04n,170,10.8,3.1,1,Late,23,19,21,59,2023-05-19,1
UA,1998.0,ORD,0.0,77,0.0,0,13.3,16,Overcast clouds,10,11.3,8.8,0.0,52,0.0,49,20.1,16,c04n,250,3.2,1.12,0,Early,21,18,18,21,2022-10-06,0
B6,116.0,JFK,0.0,55,0.0,277,22.2,16,804,190,5.5,4.59,0.0,64,0.0,161,19.1,16,Overcast clouds,190,4.4,0.75,0,Early,14,39,13,30,2023-09-17,1
9E,4730.0,JFK,0.0,29,0.0,114,7.6,16,c04d,300,6.5,4.43,0.0,45,0.0,210,1.1,16,c04d,300,8.4,5.7,1,Early,16,20,15,0,2022-03-08,0
9E,5350.0,JFK,0.0,69,0.0,178,18.9,16,Overcast clouds,50,11.0,7.36,0.0,61,0.0,641,22.8,14,c03d,40,9.6,4.09,1,Late,11,26,9,59,2023-06-03,0
9E,5114.0,JFK,0.0,73,0.0,0,5.0,14,c04n,140,3.9,2.1,0.0,26,0.0,33,7.4,16,Overcast clouds,150,8.9,3.85,0,Early,17,40,16,15,2022-12-05,0
9E,4981.0,JFK,0.0,48,0.0,127,17.4,16,Overcast clouds,330,15.9,10.92,0.0,52,0.0,281,17.8,16,Overcast clouds,300,11.1,7.57,0,Early,18,30,16,50,2022-06-18,0
MQ,3518.0,ORD,0.0,65,0.0,0,13.2,16,800,95,3.6,1.95,0.0,48,0.0,90,13.8,16,Overcast clouds,315,4.1,4.09,1,Late,20,0,17,11,2022-10-03,0
9E,5118.0,JFK,0.0,89,0.0,198,23.9,16,804,190,7.69,7.69,0.0,87,0.0,143,23.9,5,Overcast clouds,240,5.8,2.1,1,On-time,16,3,14,29,2023-08-25,0
9E,5118.0,JFK,0.0,50,0.0,353,21.1,16,Overcast clouds,185,6.0,4.84,0.0,72,0.0,388,16.7,16,c04d,290,6.4,1.5,1,Early,15,23,13,59,2023-06-09,0
9E,5175.0,JFK,0.0,42,0.0,166,17.2,16,803,350,4.8,4.59,0.0,52,0.0,188,14.8,16,Overcast clouds,295,7.8,3.84,0,Early,16,57,15,25,2023-10-13,0
B6,116.0,JFK,0.0,45,0.0,178,10.8,16,802,335,6.4,5.9,0.0,52,0.0,118,4.4,16,Overcast clouds,290,9.6,3.1,2,Late,15,21,14,0,2023-11-11,0
B6,2516.0,JFK,0.0,61,0.0,0,11.1,16,Few clouds,225,6.8,4.84,0.0,49,0.0,0,7.2,16,c04n,210,6.0,1.5,1,Late,23,59,22,59,2022-10-20,1
B6,116.0,JFK,0.0,51,0.0,90,8.3,16,c04d,180,3.9,3.6,0.0,25,0.0,95,8.9,16,Overcast clouds,175,9.8,4.84,1,Early,14,46,13,35,2022-12-05,0
MQ,3392.0,ORD,0.0,46,0.0,0,1.7,16,801,210,10.6,4.84,0.0,55,0.0,9,2.0,16,Scattered clouds,190,3.9,1.02,0,Late,19,33,16,45,2022-12-04,0
MQ,3392.0,ORD,0.0,59,0.0,0,5.5,16,801,240,5.7,3.35,0.0,71,0.0,0,6.1,16,Overcast clouds,290,11.3,7.44,2,Early,20,20,17,35,2022-11-25,0
B6,656.0,MCO,0.0,55,0.0,807,32.2,16,Broken clouds,180,9.0,1.95,0.0,81,0.0,139,21.7,16,Overcast clouds,80,6.0,1.5,0,On-time,13,42,11,0,2022-09-12,0
MQ,3911.0,ORD,0.0,60,0.0,0,22.5,16,804,45,3.59,3.59,0.0,74,0.0,117,19.1,15,Overcast clouds,70,5.4,2.7,1,On-time,20,0,17,13,2022-08-17,1
MQ,3392.0,ORD,0.0,67,0.0,0,-17.9,4,804,280,13.2,6.33,2.0,93,0.0,0,0.9,14,Freezing rain,75,11.8,6.0,2,On-time,20,19,17,33,2022-12-22,1
B6,2516.0,JFK,0.0,96,0.0,0,13.8,16,Overcast clouds,320,5.6,3.6,0.0,76,0.0,0,11.1,16,c04n,205,2.8,1.6,1,Late,23,59,22,59,2022-10-05,1
9E,5175.0,JFK,0.0,56,0.0,104,19.4,16,804,110,10.6,8.19,0.0,43,0.0,218,23.4,16,Overcast clouds,50,9.3,4.12,1,On-time,16,51,15,20,2023-09-22,0
B6,2516.0,JFK,0.0,36,0.0,0,19.0,16,Overcast clouds,235,6.4,3.93,0.0,58,0.0,0,10.6,16,Overcast clouds,270,3.2,2.0,0,Early,23,19,21,59,2023-05-08,0
9E,5118.0,JFK,0.0,45,0.0,327,25.4,16,c04d,330,13.1,5.92,0.0,44,0.0,421,23.3,16,Overcast clouds,280,10.3,7.7,1,Early,15,23,13,59,2023-06-15,0
9E,4988.0,JFK,0.0,67,0.0,0,16.1,16,804,60,11.3,8.27,0.0,74,0.0,0,15.3,16,Overcast clouds,90,4.6,3.1,1,Late,23,59,22,33,2023-09-22,0
B6,656.0,MCO,0.0,75,0.0,0,18.3,16,Overcast clouds,20,10.3,6.7,0.0,41,0.0,69,0.6,16,Overcast clouds,195,8.5,3.37,1,Early,17,56,15,15,2022-11-19,1
B6,656.0,MCO,6.0,66,0.0,0,25.0,16,Moderate rain,130,4.4,4.09,0.0,69,0.0,89,4.4,16,Overcast clouds,255,10.8,4.87,1,Late,19,1,16,20,2023-02-10,1
B6,116.0,JFK,0.0,65,0.0,174,21.1,16,Overcast clouds,310,6.0,5.09,0.0,73,0.0,131,18.0,16,c04d,255,6.8,4.15,0,On-time,14,41,13,30,2022-11-01,1
9E,4730.0,JFK,0.0,77,0.0,113,12.0,16,c04d,185,12.3,6.53,1.0,89,0.0,141,4.4,10,r01d,80,8.8,3.6,1,Early,16,20,15,0,2022-03-07,0
9E,5224.0,JFK,0.0,49,0.0,0,6.5,16,Overcast clouds,355,13.9,9.27,0.0,67,0.0,90,-1.1,16,c04d,305,9.8,5.9,0,Early,17,59,16,30,2023-03-08,0
B6,656.0,MCO,0.0,60,0.0,0,20.6,16,Clear Sky,100,4.8,4.59,0.0,35,0.0,169,9.7,16,Scattered clouds,240,2.7,2.47,1,Early,19,1,16,20,2023-02-14,0
9E,5114.0,JFK,0.0,54,0.0,87,16.3,16,Scattered clouds,230,4.09,4.09,0.0,31,0.0,312,17.2,16,c03d,270,4.0,2.6,0,Early,17,26,16,5,2022-10-16,0
9E,4730.0,JFK,0.0,18,0.0,597,20.6,16,c02d,300,11.1,5.7,0.0,43,0.0,785,12.2,16,c02d,290,10.0,4.59,2,Early,16,20,15,0,2022-04-22,0
MQ,4203.0,ORD,0.25,89,0.0,164,8.3,4,804,15,14.9,9.55,0.0,52,0.0,272,17.8,16,c04d,135,6.8,4.34,1,Late,16,21,13,35,2022-05-03,1
UA,210.0,ORD,0.0,74,0.0,0,23.1,16,Overcast clouds,210,2.9,1.55,0.0,41,0.0,288,27.1,16,Scattered clouds,275,8.7,5.67,0,Early,21,14,18,20,2023-08-09,1
B6,656.0,MCO,0.0,70,0.0,0,19.9,16,Overcast clouds,80,4.6,2.6,0.0,57,0.0,21,8.3,16,c04n,105,8.0,3.84,0,Early,19,13,16,25,2023-12-08,0
MQ,4203.0,ORD,0.0,38,0.0,196,27.8,16,804,255,5.2,1.8,0.0,81,0.0,154,20.7,14,Overcast clouds,110,5.1,0.37,2,Late,16,9,13,21,2023-09-10,2
9E,5114.0,JFK,0.0,64,0.0,0,4.4,16,c02n,190,5.9,4.59,0.0,42,0.0,34,5.4,16,Overcast clouds,155,11.0,5.05,0,Early,17,40,16,15,2022-12-02,0
9E,4976.0,JFK,0.0,88,0.0,0,18.6,16,c04n,180,8.4,7.32,0.0,84,0.0,78,19.4,16,Overcast clouds,20,6.8,1.5,0,Early,17,26,16,5,2022-11-06,0
9E,5118.0,JFK,0.0,36,0.0,352,23.2,16,Overcast clouds,105,10.2,7.97,0.0,30,0.0,216,22.2,11,c04d,310,12.8,5.09,0,Early,15,23,13,59,2023-06-05,0
9E,4953.0,JFK,0.0,100,0.0,0,14.4,1,a05n,155,1.6,1.3,0.0,50,0.0,19,25.0,16,c03n,170,5.4,2.85,1,On-time,21,56,20,30,2022-05-13,0
9E,4953.0,JFK,0.0,36,0.0,0,18.5,16,c01n,340,13.3,8.1,0.0,51,0.0,18,13.9,16,c04n,285,10.6,6.95,0,Early,21,56,20,30,2022-05-17,0
UA,1046.0,ORD,0.0,88,0.0,0,21.0,16,804,360,5.2,3.47,0.0,68,0.0,0,23.3,16,Overcast clouds,50,1.5,1.5,2,Early,23,59,21,5,2022-08-25,1
MQ,3330.0,ORD,0.0,62,0.0,0,19.4,16,800,270,4.5,2.6,0.0,86,0.0,0,20.3,16,Overcast clouds,175,3.8,2.85,2,On-time,23,12,20,24,2022-08-30,2
MQ,3392.0,ORD,1.0,88,0.0,0,4.2,5,500,90,10.3,7.05,0.0,74,0.0,11,-3.8,16,Overcast clouds,270,4.0,3.1,2,On-time,19,33,16,45,2022-12-14,1
B6,398.0,JFK,0.0,89,0.0,0,13.9,16,Overcast clouds,30,10.8,7.2,0.0,57,0.0,0,15.8,16,Overcast clouds,345,6.6,4.34,2,Late,20,47,19,31,2022-10-01,1
UA,210.0,ORD,0.0,65,0.0,0,23.4,16,Clear Sky,245,4.2,2.85,1.0,89,0.0,90,19.4,5,r01d,265,11.3,7.97,1,On-time,21,14,18,20,2023-08-08,1
9E,5036.0,JFK,0.0,73,0.0,0,19.4,16,Overcast clouds,145,6.4,3.43,0.0,51,0.0,0,24.4,16,Overcast clouds,90,7.6,3.6,0,Early,23,37,22,0,2022-06-15,0
UA,1693.0,ORD,0.0,59,0.0,104,2.8,16,Scattered clouds,230,8.2,5.7,1.0,81,25.0,154,-5.6,3,s01d,90,5.6,2.1,1,Early,16,43,13,57,2023-02-25,0
MQ,3402.0,ORD,0.0,53,0.0,0,23.3,16,Overcast clouds,115,3.8,2.35,0.0,46,0.0,251,22.8,16,c03d,325,7.2,4.84,0,Late,21,32,18,36,2023-07-31,0
MQ,3392.0,ORD,0.0,70,0.0,0,-5.6,10,804,240,13.3,7.57,0.0,70,0.0,15,1.3,16,Overcast clouds,195,7.0,5.25,1,Late,19,27,16,40,2022-11-18,1
9E,5114.0,JFK,0.0,84,0.0,74,17.4,16,Broken clouds,180,9.3,6.7,0.0,82,0.0,115,11.1,16,c04d,340,8.8,1.5,0,Early,17,26,16,5,2022-10-17,0
B6,656.0,MCO,0.0,33,0.0,90,28.3,16,Overcast clouds,280,2.6,2.6,0.0,28,0.0,693,30.0,16,c02d,265,6.1,3.84,0,Late,19,2,16,15,2023-05-29,0
B6,656.0,MCO,0.0,52,0.0,314,26.1,16,Overcast clouds,280,6.8,3.6,0.0,49,0.0,599,-7.9,16,c02d,280,6.1,1.12,1,Late,14,0,11,15,2022-02-28,1
B6,398.0,JFK,0.0,40,0.0,74,16.1,16,Scattered clouds,260,8.2,6.2,0.0,54,0.0,88,14.4,16,c04d,315,9.4,5.65,1,Early,17,44,16,30,2022-10-09,0
B6,116.0,JFK,0.0,51,0.0,526,25.6,16,803,30,9.3,4.09,0.0,53,0.0,626,25.5,16,Scattered clouds,320,6.2,2.54,0,On-time,14,39,13,30,2023-10-02,1
MQ,4316.0,ORD,0.0,54,0.0,0,-6.7,16,801,205,8.4,4.43,0.0,59,0.0,122,-7.0,16,Scattered clouds,315,9.6,4.9,2,Early,18,15,15,28,2022-01-03,0
B6,656.0,MCO,0.0,72,0.0,0,17.9,16,Overcast clouds,100,8.3,5.12,0.0,44,0.0,26,6.7,16,c04n,190,11.2,6.94,0,Early,19,13,16,25,2023-12-12,0
9E,4884.0,JFK,0.0,43,0.0,768,25.6,16,Broken clouds,110,6.8,2.6,0.0,56,0.0,600,20.3,16,Scattered clouds,165,3.8,0.6,0,Early,10,53,9,29,2022-07-10,0
B6,656.0,MCO,0.0,44,0.0,68,30.6,16,Overcast clouds,150,2.6,2.6,0.0,28,0.0,290,15.7,16,Overcast clouds,320,8.7,5.25,0,Early,19,2,16,15,2023-05-09,0
B6,56.0,MCO,0.0,48,0.0,273,29.2,12,Scattered clouds,165,8.7,6.32,0.0,56,0.0,150,1.1,16,c04d,60,4.8,4.09,0,Early,16,51,14,7,2023-02-22,1
MQ,3911.0,ORD,0.0,82,0.0,0,19.7,16,804,10,5.6,4.59,0.0,89,0.0,99,20.0,16,Overcast clouds,60,5.2,2.6,0,On-time,20,0,17,13,2022-09-05,1
9E,5090.0,JFK,0.0,65,0.0,0,7.2,16,c02n,250,6.7,3.1,0.0,70,0.0,0,1.7,16,Scattered clouds,200,6.0,3.8,2,Early,23,45,22,30,2022-11-26,0
